,smiles
0,*C(=O)[C@H](CCCCNC(=O)OCCOC)NC(=O)OCCOC
1,Brc1c(NC2=NCCN2)ccc2nccnc12
2,C#CC(O)(/C=C/Cl)CC
3,C#CC1(OC(N)=O)CCCCC1
4,C#CCC(Cc1cnc2nc(N)nc(N)c2n1)c1ccc(C(=O)N[C@@H](CCC(=O)O)C(=O)O)cc1
5,C#CCN(C)Cc1ccccc1
6,C#CCN(C)[C@H](C)Cc1ccccc1
7,C#CCN[C@@H]1CCc2ccccc21
8,C#C[C@]1(O)CC[C@H]2[C@@H]3CCC4=C(CCC(=O)C4)[C@H]3CC[C@@]21C
9,C#C[C@]1(O)CC[C@H]2[C@@H]3CCC4=C/C(=N/O)CC[C@@H]4[C@H]3CC[C@@]21CC
10,C#C[C@]1(O)CC[C@H]2[C@@H]3CCC4=CC(=O)CC[C@@H]4[C@H]3C(=C)C[C@@]21CC
11,C#C[C@]1(O)CC[C@H]2[C@@H]3CCC4=CC(=O)CC[C@@H]4[C@H]3CC[C@@]21C
12,C#C[C@]1(O)CC[C@H]2[C@@H]3CCC4=CC(=O)CC[C@@H]4[C@H]3CC[C@@]21CC
13,C#C[C@]1(O)CC[C@H]2[C@@H]3CCC4=Cc5oncc5C[C@]4(C)[C@H]3CC[C@@]21C
14,C#C[C@]1(O)CC[C@H]2[C@@H]3CCc4cc(O)ccc4[C@H]3CC[C@@]21C
15,C#C[C@]1(O)CC[C@H]2[C@@H]3CCc4cc(OC)ccc4[C@H]3CC[C@@]21C
16,C#C[C@]1(O)CC[C@H]2[C@@H]3CCc4cc(OC5CCCC5)ccc4[C@H]3CC[C@@]21C
17,C#C[C@]1(OC(C)=O)CC[C@H]2[C@@H]3CCC4=C/C(=N/O)CC[C@@H]4[C@H]3CC[C@@]21CC
18,C#C[C@]1(OC(C)=O)CC[C@H]2[C@@H]3CCC4=CC(=O)CC[C@@H]4[C@H]3CC[C@@]21C
19,C#C[C@]1(OC(C)=O)CC[C@H]2[C@@H]3CCC4=C[C@@H](OC(C)=O)CC[C@@H]4[C@H]3CC[C@@]21C
20,C#N
21,C/C(=C\C(=O)OCCCCCCCCC(=O)O)C[C@@H]1OC[C@H](C[C@@H]2O[C@H]2[C@@H](C)[C@H](C)O)[C@@H](O)[C@H]1O
22,C/C(=C\c1csc(C)n1)[C@@H]1C[C@@H]2O[C@]2(C)CCC[C@H](C)[C@H](O)[C@@H](C)C(=O)C(C)(C)[C@@H](O)CC(=O)N1
23,C/C(=N\O)[C@@H](C)NCC(C)(C)CN[C@H](C)/C(C)=N/O
24,C/C1=C2/N=C(/C=C3\N/C(=C(/C)C4=N[C@@](C)(C5N=C1[C@](C)(CCC(=O)NC[C@H](C)OP(=O)(O)O[C@H]1[C@@H](O)[C@@H](n6cnc7cc(C)c(C)cc76)O[C@@H]1CO)[C@H]5CC(N)=O)[C@@](C)(CC(N)=O)[C@@H]4CCC(N)=O)[C@@](C)(CC(N)=O)[C@@H]3CCC(N)=O)C(C)(C)[C@@H]2CCC(N)=O
25,C/C=C(C(=C/C)/c1ccc(O)cc1)\c1ccc(O)cc1
26,C/C=C/C(=O)N(CC)c1ccccc1C
27,C/C=C/C1=C(C(=O)O)N2C(=O)[C@@H](NC(=O)[C@H](N)c3ccc(O)cc3)[C@H]2SC1
28,C/C=C/C[C@@H](C)[C@@H](O)[C@H]1C(=O)N[C@@H](CC)C(=O)N(C)CC(=O)N(C)[C@@H](CC(C)C)C(=O)N[C@@H](C(C)C)C(=O)N(C)[C@@H](CC(C)C)C(=O)N[C@@H](C)C(=O)N[C@H](C)C(=O)N(C)[C@@H](CC(C)C)C(=O)N(C)[C@@H](CC(C)C)C(=O)N(C)[C@@H](C(C)C)C(=O)N1C
29,C/C=C1\NC(=O)[C@H]2CSSCC/C=C/[C@H](CC(=O)N[C@H](C(C)C)C(=O)N2)OC(=O)[C@H](C(C)C)NC1=O
30,C/N=C(\NC)NCc1ccccc1
31,C/N=C1/CN(O)C(c2ccccc2)=c2cc(Cl)ccc2=N1
32,C1=C/C(=C2\N=c3cnc4c(c3=N2)COCC4)NO1
33,C1CNCCN1
34,C=C(C)[C@@H]1CC[C@@]2(C1)C(C)=CCC[C@@H]2C
35,C=C(CC)C(=O)c1ccc(OCC(=O)O)c(Cl)c1Cl
36,C=C(c1ccc(C(=O)O)cc1)c1cc2c(cc1C)C(C)(C)CCC2(C)C
37,C=C/C=C/CC1=C(C)[C@@H](OC(=O)[C@@H]2[C@@H](C=C(C)C)C2(C)C)CC1=O
38,C=C1/C(=C\C=C2/CCC[C@]3(C)[C@@H]([C@H](C)/C=C/[C@@H](O)C4CC4)CC[C@@H]23)C[C@@H](O)C[C@@H]1O
39,C=C1/C(=C\C=C2/CCC[C@]3(C)[C@@H]([C@H](C)/C=C/[C@H](C)C(C)C)CC[C@@H]23)C[C@@H](O)C[C@@H]1O
40,C=C1/C(=C\C=C2/CCC[C@]3(C)[C@@H]([C@H](C)CCCC(C)(C)O)CC[C@@H]23)C[C@@H](O)C[C@@H]1O
41,C=C1CC[C@@]2(O)[C@H]3Cc4ccc(O)c5c4[C@@]2(CCN3CC2CC2)[C@H]1O5
42,C=C1CC[C@H](O)C/C1=C/C=C1\CCC[C@]2(C)[C@@H]([C@H](C)/C=C/[C@H](C)C(C)C)CC[C@@H]12
43,C=C1CC[C@H](O)C/C1=C/C=C1\CCC[C@]2(C)[C@@H]([C@H](C)CCCC(C)(C)O)CC[C@@H]12
44,C=C1CC[C@H](O)C/C1=C/C=C1\CCC[C@]2(C)[C@@H]([C@H](C)CCCC(C)C)CC[C@@H]12
45,C=C1C[C@@H]2CC[C@@]34C[C@H]5O[C@H]6[C@@H](O3)[C@H]3O[C@H](CC[C@@H]3O[C@H]6[C@H]5O4)CC(=O)C[C@@H]3[C@@H](OC)[C@@H](C[C@H](O)CN)O[C@H]3C[C@H]3O[C@@H](CC[C@@H]1O2)C[C@@H](C)C3=C
46,C=C1C[C@@H]2[C@H](CC[C@]3(C)C(=O)CC[C@@H]23)[C@@]2(C)C=CC(=O)C=C12
47,C=C1N(CCCCCC(=O)O)c2ccccc2C1(C)C
48,C=C1[C@H](CO)[C@@H](O)C[C@@H]1n1cnc2c(=O)[nH]c(N)nc21
49,C=C1c2cccc(O)c2C(=O)C2=C(O)[C@]3(O)C(=O)C(C(N)=O)=C(O)[C@@H](N(C)C)[C@@H]3[C@@H](O)[C@H]12
50,C=CC(N)CCC(=O)O
51,C=CC1=C(C(=O)O)N2C(=O)[C@@H](NC(=O)/C(=N\O)c3csc(N)n3)[C@H]2SC1
52,C=CC1=C(C(=O)O)N2C(=O)[C@@H](NC(=O)/C(=N\OCC(=O)O)c3csc(N)n3)[C@H]2SC1
53,C=CC1=C(C)c2cc3[nH]c(cc4nc(cc5[nH]c(cc1n2)c(C)c5CCC(=O)O)C(CCC(=O)OC)=C4C)[C@@]1(C)C3=CC=C(C(=O)OC)[C@H]1C(=O)OC
54,C=CCC1(C(C)C#CCC)C(=O)NC(=O)N(C)C1=O
55,C=CCC1(C(C)CC)C(=O)NC(=O)NC1=O
56,C=CCC1(C(C)CCC)C(=O)N=C(S)NC1=O
57,C=CCC1(C(C)CCC)C(=O)NC(=O)NC1=O
58,C=CCC1(CC(C)C)C(=O)NC(=O)NC1=O
59,C=CCN1CC[C@]23CCCC[C@H]2[C@H]1Cc1ccc(O)cc13
60,C=CCN1CC[C@]23c4c5ccc(O)c4O[C@H]2C(=O)CC[C@@]3(O)[C@H]1C5
61,C=CCNCCCCCC[N+](C)(C)C
62,C=CCOc1ccccc1OCC(O)CNC(C)C
63,C=CC[C@@H]1/C=C(\C)C[C@H](C)C[C@H](OC)[C@H]2O[C@@](O)(C(=O)C(=O)N3CCCC[C@H]3C(=O)O[C@H](/C(C)=C/[C@@H]3CC[C@@H](O)[C@H](OC)C3)[C@H](C)[C@@H](O)CC1=O)[C@H](C)C[C@@H]2OC
64,C=CC[N+]1([C@H]2C[C@H]3[C@@H]4CC[C@H]5C[C@H](O)[C@@H](N6CCOCC6)C[C@]5(C)[C@H]4CC[C@]3(C)[C@H]2OC(C)=O)CCCC1
65,C=CC[N+]1([C@H]2C[C@H]3[C@@H]4CC[C@H]5C[C@H](OC(C)=O)[C@@H](N6CCCCC6)C[C@]5(C)[C@H]4CC[C@]3(C)[C@H]2OC(=O)CC)CCCCC1
66,C=CN1CCCC1=O
67,C=C[C@H]1CN2CC[C@H]1C[C@@H]2[C@@H](O)c1ccnc2ccc(OC)cc12
68,C=C[C@H]1CN2CC[C@H]1C[C@H]2[C@H](O)c1ccnc2ccc(OC)cc12
69,C=C[C@]1(C)C[C@@H](OC(=O)CSC2C[C@H]3CC[C@@H](C2)N3C)[C@]2(C)[C@H](C)CC[C@]3(CCC(=O)[C@H]32)[C@@H](C)[C@@H]1O
70,CC#CCC(C)[C@H](O)/C=C/[C@@H]1[C@H]2C/C(=C/CCCC(=O)O)C[C@H]2C[C@H]1O
71,CC#CCn1c(N2CCC[C@@H](N)C2)nc2c1c(=O)n(Cc1nc(C)c3ccccc3n1)c(=O)n2C
72,CC#C[C@]1(O)CC[C@H]2[C@@H]3CCC4=CC(=O)CCC4=C3[C@@H](c3ccc(N(C)C)cc3)C[C@@]21C
73,CC(/N=C(\NC#N)Nc1ccncc1)C(C)(C)C
74,CC(=O)/N=c1\sc(S(N)(=O)=O)nn1C
75,CC(=O)CC(c1ccccc1)c1c(O)c2ccccc2oc1=O
76,CC(=O)CCCCn1c(=O)c2c(ncn2C)n(C)c1=O
77,CC(=O)N(CC(C)C(=O)O)c1c(I)cc(I)c(N)c1I
78,CC(=O)N(CC(O)CN(C(C)=O)c1c(I)c(C(=O)NCC(O)CO)c(I)c(C(=O)NCC(O)CO)c1I)c1c(I)c(C(=O)NCC(O)CO)c(I)c(C(=O)NCC(O)CO)c1I
79,CC(=O)N(CC(O)CO)c1c(I)c(C(=O)NCC(O)CO)c(I)c(C(=O)NCC(O)CO)c1I
80,CC(=O)N(CC(O)CO)c1c(I)c(C(=O)NCCO)c(I)c(C(=O)NCC(O)CO)c1I
81,CC(=O)N(O)CCCCCNC(=O)CCC(=O)N(O)CCCCCNC(=O)CCC(=O)N(O)CCCCCN
82,CC(=O)N(c1onc(C)c1C)S(=O)(=O)c1ccc(N)cc1
83,CC(=O)NCCCS(=O)(=O)O
84,CC(=O)NC[C@H]1CN(c2ccc(N3CCOCC3)c(F)c2)C(=O)O1
85,CC(=O)NCc1c(I)c(NC(C)=O)c(I)c(C(=O)O)c1I
86,CC(=O)NO
87,CC(=O)NS(=O)(=O)c1ccc(N)cc1
88,CC(=O)N[C@@H](CS)C(=O)O
89,CC(=O)N[C@@H]1[C@@H](O[C@@H]2O[C@H](C(=O)O)[C@@H](O)[C@H](O)[C@H]2O)[C@@H](O)[C@@H](OS(=O)(=O)O)O[C@H]1O
90,CC(=O)N[C@H](Cc1ccc2ccccc2c1)C(=O)N[C@H](Cc1ccc(Cl)cc1)C(=O)N[C@H](Cc1cccnc1)C(=O)N[C@@H](CO)C(=O)N(C)[C@@H](Cc1ccc(O)cc1)C(=O)N[C@H](CC(N)=O)C(=O)N[C@@H](CC(C)C)C(=O)N[C@@H](CCCCNC(C)C)C(=O)N1CCC[C@H]1C(=O)N[C@H](C)C(N)=O
91,CC(=O)N[C@H](Cc1ccc2ccccc2c1)C(=O)N[C@H](Cc1ccc(Cl)cc1)C(=O)N[C@H](Cc1cccnc1)C(=O)N[C@@H](CO)C(=O)N[C@@H](Cc1ccc(NC(=O)[C@@H]2CC(=O)NC(=O)N2)cc1)C(=O)N[C@H](Cc1ccc(NC(N)=O)cc1)C(=O)N[C@@H](CC(C)C)C(=O)N[C@@H](CCCCNC(C)C)C(=O)N1CCC[C@H]1C(=O)N[C@H](C)C(N)=O
92,CC(=O)N[C@H](Cc1ccc2ccccc2c1)C(=O)N[C@H](Cc1ccc(Cl)cc1)C(=O)N[C@H](Cc1cccnc1)C(=O)N[C@@H](CO)C(=O)N[C@@H](Cc1ccc(O)cc1)C(=O)N[C@H](CCCNC(N)=O)C(=O)N[C@@H](CC(C)C)C(=O)N[C@@H](CCCNC(=N)N)C(=O)N1CCC[C@H]1C(=O)N[C@H](C)C(N)=O
93,CC(=O)N[C@H]1[C@H]([C@H](O)[C@H](O)CO)OC(C(=O)O)=C[C@@H]1N=C(N)N
94,CC(=O)Nc1c(I)c(C(=O)N[C@H]2C(O)O[C@H](CO)[C@@H](O)[C@@H]2O)c(I)c(N(C)C(C)=O)c1I
95,CC(=O)Nc1c(I)c(C(=O)O)c(I)c(N(C)C(C)=O)c1I
96,CC(=O)Nc1c(I)c(NC(C)=O)c(I)c(C(=O)O)c1I
97,CC(=O)Nc1c(I)cc(I)c(C(=O)O)c1I
98,CC(=O)Nc1ccc(O)cc1
99,CC(=O)Nc1nnc(S(N)(=O)=O)s1
100,CC(=O)O
101,CC(=O)OC(C)C[N+](C)(C)C
102,CC(=O)OCC(=O)[C@@]1(O)CC[C@H]2[C@@H]3CCC4=CC(=O)CC[C@]4(C)[C@@]3(F)[C@@H](O)C[C@@]21C
103,CC(=O)OCC(=O)[C@@]1(O)CC[C@H]2[C@@H]3CCC4=CC(=O)CC[C@]4(C)[C@H]3C(=O)C[C@@]21C
104,CC(=O)OCC(=O)[C@@]1(O)CC[C@H]2[C@@H]3CCC4=CC(=O)CC[C@]4(C)[C@H]3[C@@H](O)C[C@@]21C
105,CC(=O)OCC(=O)[C@@]1(O)[C@@H](C)C[C@H]2[C@@H]3CCC4=CC(=O)C=C[C@]4(C)[C@@]3(F)[C@@H](O)C[C@@]21C
106,CC(=O)OCC(=O)[C@@]1(O)[C@H](C)C[C@H]2[C@@H]3C[C@H](F)C4=CC(=O)C=C[C@]4(C)[C@H]3[C@@H](O)C[C@@]21C
107,CC(=O)OCC(=O)[C@@]1(OC(C)=O)[C@@H](C)C[C@H]2[C@@H]3C[C@H](F)C4=CC(=O)C=C[C@]4(C)[C@@]3(F)[C@@H](O)C[C@@]21C
108,CC(=O)OCC(=O)[C@@]12OC(C)(C)O[C@@H]1C[C@H]1[C@@H]3C[C@H](F)C4=CC(=O)C=C[C@]4(C)[C@@]3(F)[C@@H](O)C[C@@]12C
109,CC(=O)OCC(=O)[C@@]12OC3(CCCC3)O[C@@H]1C[C@H]1[C@@H]3CCC4=CC(=O)C=C[C@]4(C)[C@@]3(F)[C@@H](O)C[C@@]12C
110,CC(=O)OCC(=O)[C@H]1CC[C@H]2[C@@H]3CCC4=CC(=O)CC[C@]4(C)[C@H]3CC[C@]12C
111,CC(=O)OCC(CCn1cnc2cnc(N)nc21)COC(C)=O
112,CC(=O)OCC1=C(C(=O)O)N2C(=O)[C@@H](NC(=O)CSc3ccncc3)[C@H]2SC1
113,CC(=O)OCC1=C(C(=O)O)N2C(=O)[C@@H](NC(=O)Cc3cccs3)[C@H]2SC1
114,CC(=O)OCC1=C(C(=O)O)N2C(=O)[C@@H](NC(=O)[C@H](N)c3ccccc3)[C@H]2SC1
115,CC(=O)OCC[N+](C)(C)C
116,CC(=O)O[C@@]12CO[C@@H]1C[C@H](O)[C@@]1(C)C(=O)[C@H](O)C3=C(C)[C@@H](OC(=O)[C@H](O)[C@@H](NC(=O)OC(C)(C)C)c4ccccc4)C[C@@](O)([C@@H](OC(=O)c4ccccc4)[C@H]21)C3(C)C
117,CC(=O)O[C@H]1C(=O)[C@@]2(C)[C@H]([C@H](OC(=O)c3ccccc3)[C@]3(O)C[C@H](OC(=O)[C@H](O)[C@@H](NC(=O)c4ccccc4)c4ccccc4)C(C)=C1C3(C)C)[C@]1(OC(C)=O)CO[C@@H]1C[C@@H]2O
118,CC(=O)O[C@H]1C[C@@H]2CC[C@@H]3[C@H](CC[C@@]4(C)[C@H]3C[C@H](N3CC[N+](C)(C)CC3)[C@@H]4OC(C)=O)[C@@]2(C)C[C@@H]1N1CC[N+](C)(C)CC1
119,CC(=O)O[C@H]1C[C@@H]2CC[C@@H]3[C@H](CC[C@@]4(C)[C@H]3C[C@H]([N+]3(C)CCCCC3)[C@@H]4OC(C)=O)[C@@]2(C)C[C@@H]1N1CCCCC1
120,CC(=O)O[C@H]1C[C@@H]2CC[C@@H]3[C@H](CC[C@@]4(C)[C@H]3C[C@H]([N+]3(C)CCCCC3)[C@@H]4OC(C)=O)[C@@]2(C)C[C@@H]1[N+]1(C)CCCCC1
121,CC(=O)O[C@H]1C[C@H](OC2[C@@H](O)C[C@H](O[C@H]3[C@@H](O)C[C@H](OC4CC[C@@]5(C)[C@H](CC[C@@H]6[C@@H]5CC[C@]5(C)[C@@H](C7=CC(=O)OC7)CC[C@]65O)C4)O[C@@H]3C)O[C@@H]2C)O[C@H](C)[C@H]1O
122,CC(=O)O[C@H]1Cc2ccccc2N(C(N)=O)c2ccccc21
123,CC(=O)O[C@]1(C(C)=O)CC[C@H]2[C@@H]3C=C(C)C4=CC(=O)CC[C@]4(C)[C@H]3CC[C@@]21C
124,CC(=O)O[C@]1(C(C)=O)CC[C@H]2[C@@H]3CCC4=CC(=O)CCC4=C3[C@@H](c3ccc(N(C)C)cc3)C[C@@]21C
125,CC(=O)O[C@]1(C(C)=O)CC[C@H]2[C@@H]3C[C@H](C)C4=CC(=O)C=C[C@]4(C)[C@@]3(F)[C@@H](O)C[C@@]21C
126,CC(=O)O[C@]1(C(C)=O)CC[C@H]2[C@@H]3C[C@H](C)C4=CC(=O)CC[C@]4(C)[C@H]3CC[C@@]21C
127,CC(=O)Oc1c(C)c(C)c2c(c1C)CCC(C)(CCCC(C)CCCC(C)CCCC(C)C)O2
128,CC(=O)Oc1c(C)c(C)c2c(c1C)CC[C@@](C)(CCC[C@H](C)CCC[C@H](C)CCCC(C)C)O2
129,CC(=O)Oc1c(C)cc(OCC(O)CNC(C)C)c(C)c1C
130,CC(=O)Oc1cc2c(s1)CCN(C(C(=O)C1CC1)c1ccccc1F)C2
131,CC(=O)Oc1ccc(C(c2ccc(OC(C)=O)cc2)c2ccccn2)cc1
132,CC(=O)Oc1ccccc1C(=O)Nc1ncc([N+](=O)[O-])s1
133,CC(=O)S[C@@H]1CC2=CC(=O)CC[C@]2(C)[C@H]2CC[C@@]3(C)[C@@H](CC[C@@]34CCC(=O)O4)[C@H]12
134,CC(=O)[C@@]1(O)CC[C@H]2[C@@H]3C[C@H](C)C4=CC(=O)C=C[C@]4(C)[C@@]3(F)[C@@H](O)C[C@@]21C
135,CC(=O)[C@H]1CC[C@H]2[C@@H]3C=CC4=CC(=O)CC[C@@]4(C)[C@@H]3CC[C@]12C
136,CC(=O)[C@H]1CC[C@H]2[C@@H]3CCC4=CC(=O)CC[C@]4(C)[C@H]3CC[C@]12C
137,CC(=O)[C@H]1CC[C@H]2[C@@H]3C[C@H](C)C4=CC(=O)CC[C@]4(C)[C@H]3[C@@H](O)C[C@]12C
138,CC(=O)[C@]1(O)Cc2c(O)c3c(c(O)c2[C@@H](O[C@H]2C[C@H](N)[C@H](O)[C@H](C)O2)C1)C(=O)c1ccccc1C3=O
139,CC(=O)c1ccc(S(=O)(=O)NC(=O)NC2CCCCC2)cc1
140,CC(=O)c1ccc2c(c1)N(CCCN1CCC(CCO)CC1)c1ccccc1S2
141,CC(=O)c1ccc2c(c1)N(CCCN1CCN(CCO)CC1)c1ccccc1S2
142,CC(C(=O)O)c1ccc(-c2ccccc2)c(F)c1
143,CC(C(=O)O)c1ccc(C(=O)c2cccs2)cc1
144,CC(C(=O)O)c1cccc(C(=O)c2ccccc2)c1
145,CC(C(=O)O)c1cccc(Oc2ccccc2)c1
146,CC(C)(C(=O)O)c1ccc(C(O)CCCN2CCC(C(O)(c3ccccc3)c3ccccc3)CC2)cc1
147,CC(C)(C(=O)c1cccnc1)c1cccnc1
148,CC(C)(C)C(=O)OCC(=O)C1CCC2C3CCC4=CC(=O)CCC4(C)C3CCC12C
149,CC(C)(C)C(=O)OCOP(=O)(COCCn1cnc2c(N)ncnc21)OCOC(=O)C(C)(C)C
150,CC(C)(C)CC(=O)OCC(=O)[C@@]1(O)CC[C@H]2[C@@H]3CCC4=CC(=O)C=C[C@]4(C)[C@H]3[C@@H](O)C[C@@]21C
151,CC(C)(C)CC(=O)OCC(=O)[C@@]12OC(C)(C)O[C@@H]1C[C@H]1[C@@H]3CCC4=CC(=O)C=C[C@]4(C)[C@@]3(F)[C@@H](O)C[C@@]12C
152,CC(C)(C)CC(C)(C)c1ccc(O)cc1
153,CC(C)(C)NC(=O)N[C@H](C(=O)N1C[C@H]2[C@@H]([C@H]1C(=O)NC(CC1CCC1)C(=O)C(N)=O)C2(C)C)C(C)(C)C
154,CC(C)(C)NC(=O)[C@@H]1CN(Cc2cccnc2)CCN1C[C@@H](O)C[C@@H](Cc1ccccc1)C(=O)N[C@H]1c2ccccc2C[C@H]1O
155,CC(C)(C)NC(=O)[C@@H]1C[C@@H]2CCCC[C@@H]2CN1C[C@@H](O)[C@H](Cc1ccccc1)NC(=O)[C@H](CC(N)=O)NC(=O)c1ccc2ccccc2n1
156,CC(C)(C)NC(=O)[C@H]1CC[C@H]2[C@@H]3CC[C@H]4NC(=O)C=C[C@]4(C)[C@H]3CC[C@]12C
157,CC(C)(C)NCC(O)COc1cccc2c1CCC(=O)N2
158,CC(C)(C)NCC(O)COc1cccc2c1C[C@H](O)[C@H](O)C2
159,CC(C)(C)NCC(O)c1cc(O)cc(O)c1
160,CC(C)(C)NCC(O)c1ccc(O)c(CO)c1
161,CC(C)(C)NCC(O)c1ccc(O)c(CO)n1
162,CC(C)(C)NC[C@H](O)COc1cccc2c1CCCC2=O
163,CC(C)(C)NC[C@H](O)COc1ccccc1C1CCCC1
164,CC(C)(C)NC[C@H](O)COc1nsnc1N1CCOCC1
165,CC(C)(C)NC[C@H](O)c1ccc(O)c(CO)c1
166,CC(C)(C)c1ccc(CN2CCN(C(c3ccccc3)c3ccc(Cl)cc3)CC2)cc1
167,CC(C)(CO)[C@@H](O)C(=O)NCCC(=O)O
168,CC(C)(CO)[C@@H](O)C(=O)NCCCO
169,CC(C)(N)Cc1ccc(Cl)cc1
170,CC(C)(N)Cc1ccccc1
171,CC(C)(O)c1ccccc1CC[C@@H](SCC1(CC(=O)O)CC1)c1cccc(/C=C/c2ccc3ccc(Cl)cc3n2)c1
172,CC(C)(O/N=C(\C(=O)N[C@@H]1C(=O)N2C(C(=O)O)=C(C[n+]3ccccc3)CS[C@H]12)c1csc(N)n1)C(=O)[O-]
173,CC(C)(Oc1ccc(C(=O)c2ccc(Cl)cc2)cc1)C(=O)NCCS(=O)(=O)O
174,CC(C)(Oc1ccc(C(=O)c2ccc(Cl)cc2)cc1)C(=O)O
175,CC(C)(S)[C@@H](N)C(=O)O
176,CC(C)(Sc1cc(C(C)(C)C)c(O)c(C(C)(C)C)c1)Sc1cc(C(C)(C)C)c(O)c(C(C)(C)C)c1
177,CC(C)/N=C(N)/N=C(\N)Nc1ccc(Cl)cc1
178,CC(C)/N=c1\cc2n(-c3ccc(Cl)cc3)c3ccccc3nc-2cc1Nc1ccc(Cl)cc1
179,CC(C)=CCN1CC[C@@]2(C)c3cc(O)ccc3C[C@@H]1[C@@H]2C
180,CC(C)C(=O)Nc1ccc([N+](=O)[O-])c(C(F)(F)F)c1
181,CC(C)C(=O)Oc1ccc(CO)cc1[C@H](CCN(C(C)C)C(C)C)c1ccccc1
182,CC(C)CC(N(C)C)C1(c2ccc(Cl)cc2)CCC1
183,CC(C)CC(NC(=O)C(COC(C)(C)C)NC(=O)C(Cc1ccc(O)cc1)NC(=O)C(CO)NC(=O)C(Cc1c[nH]c2ccccc12)NC(=O)C(Cc1cnc[nH]1)NC(=O)C1CCC(=O)N1)C(=O)NC(CCCN=C(N)N)C(=O)N1CCCC1C(=O)NNC(N)=O
184,CC(C)CC(NC(=O)C(Cc1ccc2ccccc2c1)NC(=O)C(Cc1ccc(O)cc1)NC(=O)C(CO)NC(=O)C(Cc1c[nH]c2ccccc12)NC(=O)C(Cc1c[nH]cn1)NC(=O)C1CCC(=O)N1)C(=O)NC(CCCNC(=N)N)C(=O)N1CCCC1C(=O)NCC(N)=O
185,CC(C)CN(C[C@@H](O)[C@H](Cc1ccccc1)NC(=O)O[C@H]1CCOC1)S(=O)(=O)c1ccc(N)cc1
186,CC(C)CN(C[C@@H](O)[C@H](Cc1ccccc1)NC(=O)O[C@H]1CO[C@H]2OCC[C@H]21)S(=O)(=O)c1ccc(N)cc1
187,CC(C)CN(C[C@@H](OP(=O)(O)O)[C@H](Cc1ccccc1)NC(=O)O[C@H]1CCOC1)S(=O)(=O)c1ccc(N)cc1
188,CC(C)CNCc1ccc(-c2ccccc2S(=O)(=O)N2CCCC2)cc1
189,CC(C)COCC(CN(Cc1ccccc1)c1ccccc1)N1CCCC1
190,CC(C)C[C@@H](NC(=O)[C@H](C)NC(=O)CNC(=O)[C@@H](NC=O)C(C)C)C(=O)N[C@@H](C)C(=O)N[C@@H](C(=O)N[C@H](C(=O)N[C@H](C(=O)N[C@@H](Cc1c[nH]c2ccccc12)C(=O)N[C@H](CC(C)C)C(=O)N[C@@H](Cc1c[nH]c2ccccc12)C(=O)N[C@H](CC(C)C)C(=O)N[C@@H](Cc1c[nH]c2ccccc12)C(=O)N[C@H](CC(C)C)C(=O)N[C@@H](Cc1c[nH]c2ccccc12)C(=O)NCCO)C(C)C)C(C)C)C(C)C
191,CC(C)C[C@H](CN)CC(=O)O
192,CC(C)C[C@H](NC(=O)CNC(=O)[C@H](Cc1ccc(O)cc1)NC(=O)[C@H](CO)NC(=O)[C@H](Cc1c[nH]c2ccccc12)NC(=O)[C@H](Cc1c[nH]cn1)NC(=O)[C@@H]1CCC(=O)N1)C(=O)N[C@@H](CCCNC(=N)N)C(=O)N1CCC[C@H]1C(=O)NCC(N)=O
193,CC(C)C[C@H](NC(=O)CNC(=O)c1cc(Cl)ccc1Cl)B(O)O
194,CC(C)C[C@H](NC(=O)[C@@H](COC(C)(C)C)NC(=O)[C@H](Cc1ccc(O)cc1)NC(=O)[C@H](CO)NC(=O)[C@H](Cc1c[nH]c2ccccc12)NC(=O)[C@H](Cc1cnc[nH]1)NC(=O)[C@@H]1CCC(=O)N1)C(=O)N[C@@H](CCCN=C(N)N)C(=O)N1CCC[C@H]1C(=O)NNC(N)=O
195,CC(C)C[C@H](NC(=O)[C@@H](Cc1c[nH]c2ccccc12)NC(=O)[C@H](Cc1ccc(O)cc1)NC(=O)[C@H](CO)NC(=O)[C@H](Cc1c[nH]c2ccccc12)NC(=O)[C@H](Cc1cnc[nH]1)NC(=O)[C@@H]1CCC(=O)N1)C(=O)N[C@@H](CCCN=C(N)N)C(=O)N1CCC[C@H]1C(=O)NCC(N)=O
196,CC(C)C[C@H](NC(=O)[C@H](CCc1ccccc1)NC(=O)CN1CCOCC1)C(=O)N[C@@H](Cc1ccccc1)C(=O)N[C@@H](CC(C)C)C(=O)[C@@]1(C)CO1
197,CC(C)C[C@H]1C(=O)N2CCC[C@H]2[C@]2(O)O[C@](NC(=O)[C@@H]3C=C4c5cccc6[nH]c(Br)c(c56)C[C@H]4N(C)C3)(C(C)C)C(=O)N12
198,CC(C)Cc1ccc(C(C)C(=O)O)cc1
199,CC(C)Cn1cnc2c(N)nc3ccccc3c21
200,CC(C)N(CCC(C(N)=O)(c1ccccc1)c1ccccn1)C(C)C
201,CC(C)N1CCN(c2ccc(OC[C@H]3CO[C@](Cn4cncn4)(c4ccc(Cl)cc4Cl)O3)cc2)CC1
202,CC(C)NC(C)Cc1ccc([123I])cc1
203,CC(C)NCC(O)COc1ccc(CC(N)=O)cc1
204,CC(C)NCC(O)COc1ccc(CCOCC2CC2)cc1
205,CC(C)NCC(O)COc1ccc(COCCOC(C)C)cc1
206,CC(C)NCC(O)COc1cccc2[nH]ccc12
207,CC(C)NCC(O)c1cc(O)cc(O)c1
208,CC(C)NCC(O)c1ccc(NS(C)(=O)=O)cc1
209,CC(C)NCC(O)c1ccc(O)c(O)c1
210,CC(C)NCC1CCc2cc(CO)c([N+](=O)[O-])cc2N1
211,CC(C)NCCCC1(C(N)=O)c2ccccc2-c2ccccc21
212,CC(C)NC[C@H](O)COc1ccc(CCOCC2CC2)cc1
213,CC(C)Nc1cccnc1N1CCN(C(=O)c2cc3cc(NS(C)(=O)=O)ccc3[nH]2)CC1
214,CC(C)O
215,CC(C)OC(=O)C(C)(C)Oc1ccc(C(=O)c2ccc(Cl)cc2)cc1
216,CC(C)OC(=O)CCC/C=C\C[C@@H]1[C@@H](/C=C/[C@@H](O)COc2cccc(C(F)(F)F)c2)[C@H](O)C[C@@H]1O
217,CC(C)OC(=O)CCC/C=C\C[C@@H]1[C@@H](CC[C@@H](O)CCc2ccccc2)[C@H](O)C[C@@H]1O
218,CC(C)OC(=O)OCOP(=O)(CO[C@H](C)Cn1cnc2c(N)ncnc21)OCOC(=O)OC(C)C
219,CC(C)OP(=O)(F)OC(C)C
220,CC(C)[C@@H](CN1CC[C@@](C)(c2cccc(O)c2)[C@@H](C)C1)NC(=O)[C@H]1Cc2ccc(O)cc2CN1
221,CC(C)[C@@H]1CC[C@@H](C)C[C@H]1O
222,CC(C)[C@@H]1NC(=O)[C@H](CCCCN)NC(=O)[C@@H](Cc2c[nH]c3ccccc23)NC(=O)[C@H](Cc2ccc(O)cc2)NC(=O)[C@@H](NC(=O)[C@H](N)Cc2ccc3ccccc3c2)CSSC[C@@H](C(=O)N[C@H](C(N)=O)[C@@H](C)O)NC1=O
223,CC(C)[C@@]1(C(=O)N[C@H]2CC(=O)O[C@]2(O)CF)CC(c2nccc3ccccc23)=NO1
224,CC(C)[C@H](N)C(=O)OCC(CO)OCn1cnc2c(=O)nc(N)[nH]c21
225,CC(C)[C@H](N)C(=O)OCCOCn1cnc2c(=O)[nH]c(N)nc21
226,CC(C)[C@H](N)C(=O)OCCOCn1cnc2c(=O)nc(N)[nH]c21
227,CC(C)[C@H]1CC[C@H](C(=O)N[C@H](Cc2ccccc2)C(=O)O)CC1
228,CC(C)[N+](C)(CCC(C(N)=O)(c1ccccc1)c1ccccc1)C(C)C
229,CC(C)[N+](C)(CCOC(=O)C1c2ccccc2Oc2ccccc21)C(C)C
230,CC(C)[N+]1(C)[C@@H]2CC[C@@H]1CC(OC(=O)C(CO)c1ccccc1)C2
231,CC(C)c1c(C(=O)Nc2ccccc2)c(-c2ccccc2)c(-c2ccc(F)cc2)n1CC[C@@H](O)C[C@@H](O)CC(=O)O
232,CC(C)c1ccc2oc3nc(N)c(C(=O)O)cc3c(=O)c2c1
233,CC(C)c1cccc(C(C)C)c1NC(=O)CN(CC(=O)O)CC(=O)O
234,CC(C)c1cccc(C(C)C)c1O
235,CC(C)c1cccc(C(C)C)c1OCOP(=O)(O)O
236,CC(C)c1nc(CN(C)C(=O)N[C@H](C(=O)N[C@@H](Cc2ccccc2)C[C@H](O)[C@H](Cc2ccccc2)NC(=O)OCc2cncs2)C(C)C)cs1
237,CC(C)c1nc(N(C)S(C)(=O)=O)nc(-c2ccc(F)cc2)c1/C=C/[C@@H](O)C[C@@H](O)CC(=O)O
238,CC(C)n1c(/C=C/[C@H](O)C[C@H](O)CC(=O)O)c(-c2ccc(F)cc2)c2ccccc21
239,CC(CCc1ccc(O)cc1)NCCc1ccc(O)c(O)c1
240,CC(CCc1ccccc1)NCC(O)c1ccc(O)c(C(N)=O)c1
241,CC(CN(C)C)CN1c2ccccc2CCc2ccccc21
242,CC(CN(C)C)CN1c2ccccc2Sc2ccccc21
243,CC(CN1c2ccccc2Sc2ccccc21)N(C)C
244,CC(CNC1CCCCC1)OC(=O)c1ccccc1
245,CC(COc1ccccc1)N(CCCl)Cc1ccccc1
246,CC(C[N+](C)(C)C)OC(N)=O
247,CC(Cc1ccc2c(c1)OCO2)NCC(O)c1ccc(O)c(O)c1
248,CC(Cc1ccccc1)N(C)Cc1ccccc1
249,CC(N)C12CC3CC(CC(C3)C1)C2
250,CC(N)Cc1ccc(O)cc1
251,CC(N)Cc1ccccc1
252,CC(NC(C)(C)C)C(=O)c1cccc(Cl)c1
253,CC(O)(CS(=O)(=O)c1ccc(F)cc1)C(=O)Nc1ccc(C#N)c(C(F)(F)F)c1
254,CC(O)(P(=O)(O)O)P(=O)(O)O
255,CC(O)C(=O)O
256,CC(O)C(CO)NC(=O)C1CSSCC(NC(=O)C(N)Cc2ccccc2)C(=O)NC(Cc2ccccc2)C(=O)NC(Cc2c[nH]c3ccccc23)C(=O)NC(CCCCN)C(=O)NC(C(C)O)C(=O)N1
257,CC(O)CN1CCN(CC(=O)O)CCN(CC(=O)O)CCN(CC(=O)O)CC1
258,CC(OC(=O)NCC1(CC(=O)O)CCCCC1)OC(=O)C(C)C
259,CC(S)C(=O)NCC(=O)O
260,CC(c1cc2ccccc2s1)N(O)C(N)=O
261,CC/C(=C(/CC)c1ccc(O)cc1)c1ccc(O)cc1
262,CC/C(=C(/CC)c1ccc(OP(=O)(O)O)cc1)c1ccc(OP(=O)(O)O)cc1
263,CC/C(=C(\c1ccccc1)c1ccc(OCCN(C)C)cc1)c1ccccc1
264,CC1(C)C(C=C(Cl)Cl)C1C(=O)OCc1cccc(Oc2ccccc2)c1
265,CC1(C)C2CCC1(CS(=O)(=O)O)C(=O)/C2=C\c1ccc(/C=C2\C(=O)C3(CS(=O)(=O)O)CCC2C3(C)C)cc1
266,CC1(C)C[C@@H]1C(=O)N/C(=C\CCCCSC[C@H](N)C(=O)O)C(=O)O
267,CC1(C)NC(=O)N(c2ccc([N+](=O)[O-])c(C(F)(F)F)c2)C1=O
268,CC1(C)O[C@@H]2C[C@H]3[C@@H]4CCC5=CC(=O)C=C[C@]5(C)[C@@]4(F)[C@@H](O)C[C@]3(C)[C@]2(C(=O)CO)O1
269,CC1(C)O[C@@H]2C[C@H]3[C@@H]4CCC5=CC(=O)C=C[C@]5(C)[C@H]4[C@@H](O)C[C@]3(C)[C@]2(C(=O)CO)O1
270,CC1(C)O[C@@H]2C[C@H]3[C@@H]4CCC5=CC(=O)CC[C@]5(C)[C@@]4(F)[C@@H](O)C[C@]3(C)[C@]2(C(=O)CCl)O1
271,CC1(C)O[C@@H]2C[C@H]3[C@@H]4C[C@H](F)C5=CC(=O)C=C[C@]5(C)[C@@]4(F)[C@@H](O)C[C@]3(C)[C@]2(C(=O)CO)O1
272,CC1(C)O[C@@H]2C[C@H]3[C@@H]4C[C@H](F)C5=CC(=O)C=C[C@]5(C)[C@H]4[C@@H](O)C[C@]3(C)[C@]2(C(=O)CO)O1
273,CC1(C)O[C@@H]2C[C@H]3[C@@H]4C[C@H](F)C5=CC(=O)CC[C@]5(C)[C@H]4[C@@H](O)C[C@]3(C)[C@]2(C(=O)CO)O1
274,CC1(C)O[C@@H]2[C@@H](CO[C@@]3(COS(N)(=O)=O)OC(C)(C)O[C@@H]23)O1
275,CC1(C)SC(C(NC(=O)Cc2ccccc2)C(=O)NCCCCCC(=O)O)NC1C(=O)O
276,CC1(C)S[C@@H]2[C@H](/N=C/N3CCCCCC3)C(=O)N2[C@H]1C(=O)O
277,CC1(C)S[C@@H]2[C@H](N3C(=O)[C@@H](c4ccccc4)NC3(C)C)C(=O)N2[C@H]1C(=O)O
278,CC1(C)S[C@@H]2[C@H](NC(=O)C(C(=O)O)c3ccccc3)C(=O)N2[C@H]1C(=O)O
279,CC1(C)S[C@@H]2[C@H](NC(=O)C3(N)CCCCC3)C(=O)N2[C@H]1C(=O)O
280,CC1(C)S[C@@H]2[C@H](NC(=O)COc3ccccc3)C(=O)N2[C@H]1C(=O)O
281,CC1(C)S[C@@H]2[C@H](NC(=O)Cc3ccccc3)C(=O)N2[C@H]1C(=O)O
282,CC1(C)S[C@@H]2[C@H](NC(=O)[C@H](C(=O)O)c3ccsc3)C(=O)N2[C@H]1C(=O)O
283,CC1(C)S[C@@H]2[C@H](NC(=O)[C@H](N)c3ccc(O)cc3)C(=O)N2[C@H]1C(=O)O
284,CC1(C)S[C@@H]2[C@H](NC(=O)[C@H](N)c3ccccc3)C(=O)N2[C@H]1C(=O)O
285,CC1(C)S[C@@H]2[C@H](NC(=O)[C@H](NC(=O)N3CCNC3=O)c3ccccc3)C(=O)N2[C@H]1C(=O)O
286,CC1(C)[C@H](C(=O)O)N2C(=O)C[C@H]2S1(=O)=O
287,CC1(O)CC(c2nc(-c3ccc4ccc(-c5ccccc5)nc4c3)c3c(N)nccn23)C1
288,CC1/C=C/C=C/CC/C=C/C=C/C=C/C=C/C(OC2O[C@H](C)[C@@H](O)[C@H](N)[C@@H]2O)CC(O)C(C(=O)O)C(O)CC(=O)CC(O)C(O)CCC(O)CC(O)CC(O)CC(=O)OC(C)C(C)C1O
289,CC12CC3CC(C)(C1)CC(N)(C3)C2
290,CC1=C(/C=C/C(C)=C/C=C/C(C)=C/C(=O)O)C(C)(C)CCC1
291,CC1=C(/C=C/C(C)=C/C=C/C(C)=C/C=C/C=C(C)/C=C/C=C(C)/C=C/C2=C(C)CCCC2(C)C)C(C)(C)CCC1
292,CC1=C(/C=C/C(C)=C/C=C/C(C)=C/CO)C(C)(C)CCC1
293,CC1=C(/C=C/C(C)=C/C=C/C(C)=C\C(=O)O)C(C)(C)CCC1
294,CC1=C(/C=C/C(C)=C\C=C\C(C)=C\C(=O)O)C(C)(C)CCC1
295,CC1=C(C(=O)O)N2C(=O)[C@@H](NC(=O)[C@H](N)C3=CCC=CC3)[C@H]2SC1
296,CC1=C(C/C=C(\C)CCC[C@H](C)CCC[C@H](C)CCCC(C)C)C(=O)c2ccccc2C1=O
297,CC1=C(CC(=O)O)c2cc(F)ccc2/C1=C\c1ccc(S(C)=O)cc1
298,CC1=C(CCC(=O)O)c2cc3nc(cc4[nH]c(cc5[nH]c(cc1n2)c(C)c5C(C)O)c(C)c4C(C)OC(C)c1c(C)c2cc4nc(cc5nc(cc6[nH]c(cc1[nH]2)c(C)c6C(C)O)C(C)=C5CCC(=O)O)C(CCC(=O)O)=C4C)C(C)=C3CCC(=O)O
299,CC1=C2[N]3[Co+]456([OH])<-[N]7=C1[C@@H](CCC(N)=O)C(C)(C)C7=CC1=[N]->4C(=C(C)C4=[N]->5[C@@](C)([C@H]3[C@H](CC(N)=O)[C@@]2(C)CCC(=O)NC[C@@H](C)OP(=O)([O-])O[C@H]2[C@@H](O)[C@@H](n3c[n]->6c5cc(C)c(C)cc53)O[C@@H]2CO)[C@@](C)(CC(N)=O)[C@@H]4CCC(N)=O)[C@@](C)(CC(N)=O)[C@@H]1CCC(N)=O
300,CC1=C2[N]3[Co]456([C]#N)<-[N]7=C1[C@@H](CCC(N)=O)C(C)(C)C7=CC1=[N]->4C(=C(C)C4=[N]->5[C@@](C)([C@H]3[C@H](CC(N)=O)[C@@]2(C)CCC(=O)NC[C@@H](C)OP(=O)(O)O[C@H]2[C@@H](O)[C@@H](n3c[n]->6c5cc(C)c(C)cc53)O[C@@H]2CO)[C@@](C)(CC(N)=O)[C@@H]4CCC(N)=O)[C@@](C)(CC(N)=O)[C@@H]1CCC(N)=O
301,CC1=CC(=O)c2ccccc2C1=O
302,CC1=NS(=O)(=O)c2cc(Cl)ccc2N1
303,CC1C=CC=CC=CC=CC=CC=CC=CC(OC2O[C@H](C)[C@@H](O)[C@H](N)[C@@H]2O)CC2OC(O)(CC(O)CC(O)CC(O)CC(=O)CCCC(=O)CC(=O)OC1C(C)CC(C)C(O)CC(=O)c1ccc(N)cc1)CC(O)C2C(=O)O
304,CC1COc2c(N3CCN(C)CC3)c(F)cc3c(=O)c(C(=O)O)cn1c23
305,CC1Cc2ccccc2N1NC(=O)c1ccc(Cl)c(S(N)(=O)=O)c1
306,CC1NCCOC1c1ccccc1
307,CCC(=O)C(CC(C)N(C)C)(c1ccccc1)c1ccccc1
308,CCC(=O)N(c1ccccc1)C1(C(=O)OC)CCN(CCC(=O)OC)CC1
309,CCC(=O)N(c1ccccc1)C1(COC)CCN(CCc2cccs2)CC1
310,CCC(=O)N(c1ccccc1)C1(COC)CCN(CCn2nnn(CC)c2=O)CC1
311,CCC(=O)N(c1ccccc1)C1CCN(CCc2ccccc2)CC1
312,CCC(=O)NCC[C@@H]1CCc2ccc3c(c21)CCO3
313,CCC(=O)OC(OP(=O)(CCCCc1ccccc1)CC(=O)N1C[C@H](C2CCCCC2)C[C@H]1C(=O)O)C(C)C
314,CCC(=O)OCC(=O)[C@@]1(OC(=O)CC)[C@@H](C)C[C@H]2[C@@H]3CCC4=CC(=O)C=C[C@]4(C)[C@@]3(Cl)[C@@H](O)C[C@@]21C
315,CCC(=O)OCC(=O)[C@@]1(OC(=O)CC)[C@H](C)C[C@H]2[C@H]3[C@H]([C@@H](O)C[C@@]21C)[C@@]1(C)C=CC(=O)C=C1C[C@H]3Cl
316,CCC(=O)OCCNC(=O)C[n+]1ccccc1
317,CCC(=O)O[C@@](Cc1ccccc1)(c1ccccc1)[C@@H](C)CN(C)C
318,CCC(=O)O[C@H]1CC[C@H]2[C@@H]3CCC4=CC(=O)CC[C@]4(C)[C@H]3CC[C@]12C
319,CCC(=O)O[C@H]1CC[C@H]2[C@@H]3CC[C@H]4CC(=O)[C@H](C)C[C@]4(C)[C@H]3CC[C@]12C
320,CCC(=O)O[C@H]1[C@H](O[C@@H]2[C@@H](C)[C@H](O[C@H]3C[C@@](C)(OC)[C@@H](O)[C@H](C)O3)[C@@H](C)C(=O)O[C@H](CC)[C@@](C)(O)[C@H](O)[C@@H](C)C(=O)[C@H](C)C[C@@]2(C)O)O[C@H](C)C[C@@H]1N(C)C
321,CCC(=O)O[C@](Cc1ccccc1)(c1ccccc1)[C@H](C)CN(C)C
322,CCC(=O)O[C@]1(C(=O)CCl)[C@@H](C)CC2C3C[C@H](F)C4=CC(=O)C=CC4(C)[C@@]3(F)C(O)CC21C
323,CCC(=O)O[C@]1(C(=O)CCl)[C@@H](C)C[C@H]2[C@@H]3CCC4=CC(=O)C=C[C@]4(C)[C@@]3(F)[C@@H](O)C[C@@]21C
324,CCC(=O)O[C@]1(C(=O)SCF)[C@H](C)C[C@H]2[C@@H]3C[C@H](F)C4=CC(=O)C=C[C@]4(C)[C@@]3(F)[C@@H](O)C[C@@]21C
325,CCC(=O)[C@@]1(C)[C@H](C)CC2C3CCC4=CC(=O)C=C[C@]4(C)C3[C@@H](O)C[C@@]21C
326,CCC(=O)c1ccc2c(c1)N(CC(C)N(C)C)c1ccccc1S2
327,CCC(C)(C)C(=O)O[C@H]1C[C@@H](C)C=C2C=C[C@H](C)[C@H](CC[C@@H]3C[C@@H](O)CC(=O)O3)[C@H]21
328,CCC(C)(C)C1C(=O)N2CCCC2C2(O)OC(NC(=O)C3CC4c5cccc6[nH]cc(c56)CC4N(C)C3)(C(C)C)C(=O)N12
329,CCC(C)C(C)(COC(N)=O)COC(N)=O
330,CCC(C)C(N)C1=NC(C(=O)NC(CC(C)C)C(=O)NC(CCC(=O)O)C(=O)NC(C(=O)NC2CCCCNC(=O)C(CC(N)=O)NC(=O)C(CC(=O)O)NC(=O)C(CC3C=NC=N3)NC(=O)C(Cc3ccccc3)NC(=O)C(C(C)CC)NC(=O)C(CCCN)NC2=O)C(C)CC)CS1
331,CCC(C)C1(CC)C(=O)NC(=O)NC1=O
332,CCC(C)C1NC(=O)C(Cc2ccc(O)cc2)NC(=O)C(N)CSSCC(C(=O)N2CCCC2C(=O)NC(CC(C)C)C(=O)NCC(N)=O)NC(=O)C(CC(N)=O)NC(=O)C(C(C)O)NC1=O
333,CCC(C)CCCC(=O)N[C@@H](CCN)C(=O)N[C@H](C(=O)N[C@@H](CCN)C(=O)N[C@H]1CCNC(=O)[C@H]([C@@H](C)O)NC(=O)[C@H](CCN)NC(=O)[C@H](CCN)NC(=O)[C@H](CC(C)C)NC(=O)[C@@H](CC(C)C)NC(=O)[C@H](CCN)NC1=O)[C@@H](C)O
334,CCC(C)CCCCC(=O)NC(CCN)C(=O)NC(C(=O)NC(CCN)C(=O)NC1CCNC(=O)C(C(C)O)NC(=O)C(CCN)NC(=O)C(CCN)NC(=O)C(CC(C)C)NC(=O)C(Cc2ccccc2)NC(=O)C(CCN)NC1=O)C(C)O
335,CCC(C)n1ncn(-c2ccc(N3CCN(c4ccc(OC[C@H]5CO[C@](Cn6cncn6)(c6ccc(Cl)cc6Cl)O5)cc4)CC3)cc2)c1=O
336,CCC(Cc1c(I)cc(I)c(N)c1I)C(=O)O
337,CCC(NC(C)C)C(O)c1ccc(O)c(O)c1
338,CCC(c1ccccc1)c1c(O)c2ccccc2oc1=O
339,CCC1(C)CC(=O)NC1=O
340,CCC1(C)OC(=O)N(C)C1=O
341,CCC1(CC)C(=O)NC(=O)N(C)C1=O
342,CCC1(CC)C(=O)NCC(C)C1=O
343,CCC1(c2ccc(N)cc2)CCC(=O)NC1=O
344,CCC1(c2ccccc2)C(=O)NCNC1=O
345,CCC1(c2ccccc2)CCC(=O)NC1=O
346,CCC1(c2ccccc2)NC(=O)N(C)C1=O
347,CCC1(c2ccccc2)SCC(=O)NC1=O
348,CCC1=C(C)CN(C(=O)NCCc2ccc(S(=O)(=O)NC(=O)NC3CCC(C)CC3)cc2)C1=O
349,CCC1=CC2CN(C1)Cc1c([nH]c3ccccc13)[C@@](C(=O)OC)(c1cc3c(cc1OC)N(C)[C@H]1[C@@](O)(C(=O)OC)[C@H](OC(C)=O)[C@]4(CC)C=CCN5CC[C@]31[C@@H]54)C2
350,CCC1=C[C@@H]2CN(C1)Cc1c([nH]c3ccccc13)[C@@](C(=O)OC)(c1cc3c(cc1OC)N(C)[C@H]1[C@@](O)(C(=O)OC)[C@H](OC(C)=O)[C@]4(CC)C=CCN5CC[C@]31[C@@H]54)C2
351,CCC1NC(=O)c2cc(S(N)(=O)=O)c(Cl)cc2N1
352,CCCC(=O)Nc1c(I)cc(I)c(CC(CC)C(=O)O)c1I
353,CCCC(=O)Nc1ccc(OCC(O)CNC(C)C)c(C(C)=O)c1
354,CCCC(=O)OCOC(=O)C1=C(C)NC(C)=C(C(=O)OC)C1c1cccc(Cl)c1Cl
355,CCCC(=O)O[C@]1(C(=O)CO)CC[C@H]2[C@@H]3CCC4=CC(=O)CC[C@]4(C)[C@H]3[C@@H](O)C[C@@]21C
356,CCCC(=O)O[C@]1(C(=O)COC(=O)CC)CC[C@H]2[C@@H]3CCC4=CC(=O)CC[C@]4(C)[C@H]3[C@@H](O)C[C@@]21C
357,CCCC(=O)O[C@]1(C(=O)COC(C)=O)CC[C@H]2[C@@H]3C[C@H](F)C4=CC(=O)C=C[C@]4(C)[C@@]3(F)[C@@H](O)C[C@@]21C
358,CCCC(C)(COC(N)=O)COC(=O)NC(C)C
359,CCCC(C)(COC(N)=O)COC(N)=O
360,CCCC(C)C1(CC)C(=O)NC(=O)NC1=O
361,CCCC(C)C1(CC)C(=O)NC(=S)NC1=O
362,CCCC(CCC)C(=O)O
363,CCCC(CCC)C(=O)O[C@H]1C[C@H]2CC[C@@H](C1)[N+]2(C)C
364,CCCC1O[C@@H]2C[C@H]3[C@@H]4CCC5=CC(=O)C=C[C@]5(C)[C@H]4[C@@H](O)C[C@]3(C)[C@]2(C(=O)CO)O1
365,CCCCC(=O)N(Cc1ccc(-c2ccccc2-c2nnn[nH]2)cc1)[C@H](C(=O)O)C(C)C
366,CCCCC(=O)OCC(=O)[C@]1(O)Cc2c(O)c3c(c(O)c2[C@@H](OC2CC(NC(=O)C(F)(F)F)C(O)C(C)O2)C1)C(=O)c1c(OC)cccc1C3=O
367,CCCCC(=O)O[C@H]1CC[C@H]2[C@@H]3CCc4cc(O)ccc4[C@H]3CC[C@]12C
368,CCCCC(=O)O[C@]1(C(=O)CO)CC[C@H]2[C@@H]3CCC4=CC(=O)CC[C@]4(C)[C@H]3[C@@H](O)C[C@@]21C
369,CCCCC(=O)O[C@]1(C(=O)CO)[C@@H](C)C[C@H]2[C@@H]3CCC4=CC(=O)C=C[C@]4(C)[C@@]3(F)[C@@H](O)C[C@@]21C
370,CCCCC(C)(O)C/C=C/[C@H]1[C@H](O)CC(=O)[C@@H]1CCCCCCC(=O)OC
371,CCCCC(CC)COC(=O)/C=C/c1ccc(OC)cc1
372,CCCCC(CC)COC(=O)C(C#N)=C(c1ccccc1)c1ccccc1
373,CCCCC(F)(F)[C@@]1(O)CC[C@@H]2[C@H](CCCCCCC(=O)O)C(=O)C[C@H]2O1
374,CCCCCC(=O)O[C@]1(C(C)=O)CC[C@H]2[C@@H]3CCC4=CC(=O)CC[C@]4(C)[C@H]3CC[C@@]21C
375,CCCCCCC(=O)OCCN1CCN(CCCN2c3ccccc3Sc3ccc(C(F)(F)F)cc32)CC1
376,CCCCCCC(=O)O[C@H]1CC[C@H]2[C@@H]3CCC4=CC(=O)CC[C@]4(C)[C@H]3CC[C@]12C
377,CCCCCCC(C)(C)c1cc(O)c2c(c1)OC(C)(C)[C@@H]1CCC(=O)C[C@@H]21
378,CCCCCCCC(=O)CC[C@@H]1[C@@H](C/C=C\CCCC(=O)OC(C)C)[C@@H](O)C[C@H]1O
379,CCCCCCCC(=O)OCC(O)CO
380,CCCCCCCC/C=C\CCCCCCCC(=O)O
381,CCCCCCCCCC(=O)N[C@@H](Cc1c[nH]c2ccccc12)C(=O)N[C@H](CC(N)=O)C(=O)N[C@@H](CC(=O)O)C(=O)N[C@@H]1C(=O)NCC(=O)N[C@@H](CCCN)C(=O)N[C@@H](CC(=O)O)C(=O)N[C@H](C)C(=O)N[C@@H](CC(=O)O)C(=O)NCC(=O)N[C@H](CO)C(=O)N[C@@H]([C@H](C)CC(=O)O)C(=O)N[C@@H](CC(=O)c2ccccc2N)C(=O)O[C@@H]1C
382,CCCCCCCCCC(=O)OCCN1CCN(CCCN2c3ccccc3Sc3ccc(C(F)(F)F)cc32)CC1
383,CCCCCCCCCC(=O)O[C@H]1CC[C@H]2[C@@H]3CCC4=CC(=O)CC[C@@H]4[C@H]3CC[C@]12C
384,CCCCCCCCCCCC(=O)OCCNC(=O)C[n+]1ccccc1
385,CCCCCCCCCCCCCC(=O)OC[C@H](COP(=O)([O-])OCC[N+](C)(C)C)OC(=O)CCCCCCCCCCCCC
386,CCCCCCCCCCCCCCCC(=O)OC/C=C(C)/C=C/C=C(C)/C=C/C1=C(C)CCCC1(C)C
387,CCCCCCCCCCCCCCCC(=O)OCC(COP(=O)([O-])OCC[N+](C)(C)C)OC(=O)CCCCCCCCCCCCCCC
388,CCCCCCCCCCCCCCCC(=O)O[C@@H]1CCCn2c1nc(C)c(CCN1CCC(c3noc4cc(F)ccc34)CC1)c2=O
389,CCCCCCCCCCCCCCCC(=O)O[C@@H]1[C@@H](O)[C@@H](O)[C@@H](C(NC(=O)[C@@H]2C[C@@H](CCC)CN2C)C(C)Cl)O[C@@H]1SC
390,CCCCCCCCCCCCCCCCCCCCCCO
391,CCCCCCCCCCCCCCCCO
392,CCCCCCCCCCCCCCCC[N+](C)(C)CCN(Cc1ccc(OC)cc1)c1ncccn1
393,CCCCCCCCCCCCCCOS(=O)(=O)O
394,CCCCCCCCCCCCOCCOCCOCCOCCOCCOCCOCCOCCOCCO
395,CCCCCCCCCCC[C@@H](C[C@@H]1OC(=O)[C@H]1CCCCCC)OC(=O)[C@H](CC(C)C)NC=O
396,CCCCCCCCCCNCCN[C@@]1(C)C[C@H](O[C@H]2[C@H](Oc3c4cc5cc3Oc3ccc(cc3Cl)[C@@H](O)[C@@H](NC(=O)[C@@H](CC(C)C)NC)C(=O)N[C@@H](CC(N)=O)C(=O)N[C@H]5C(=O)N[C@H]3C(=O)N[C@H](C(=O)N[C@H](C(=O)O)c5cc(O)c(CNCP(=O)(O)O)c(O)c5-c5cc3ccc5O)[C@H](O)c3ccc(c(Cl)c3)O4)O[C@H](CO)[C@@H](O)[C@@H]2O)O[C@@H](C)[C@H]1O
397,CCCCCCCCCN1C[C@H](O)[C@@H](O)[C@H](O)[C@H]1CO
398,CCCCCCCCCc1ccc(OCCOCCOCCOCCOCCOCCOCCOCCOCCO)cc1
399,CCCCCCCCc1ccc(CCC(N)(CO)CO)cc1
400,CCCCCCCN(CC)CCCC(O)c1ccc(NS(C)(=O)=O)cc1
401,CCCCCCOC(=O)/N=C(/N)c1ccc(NCc2nc3cc(C(=O)N(CCC(=O)OCC)c4ccccn4)ccc3n2C)cc1
402,CCCCCCOC(=O)CCC(=O)CN
403,CCCCCN(C)CCC(O)(P(=O)(O)O)P(=O)(O)O
404,CCCCCNC(=N)N/N=C/c1c[nH]c2ccc(OC)cc12
405,CCCCCOc1ccc(-c2cc(-c3ccc(C(=O)N[C@H]4C[C@@H](O)[C@@H](O)NC(=O)[C@@H]5[C@@H](O)[C@@H](C)CN5C(=O)[C@H]([C@H](O)CC(N)=O)NC(=O)[C@H]([C@H](O)[C@@H](O)c5ccc(O)c(OS(=O)(=O)O)c5)NC(=O)[C@@H]5C[C@@H](O)CN5C(=O)[C@H]([C@@H](C)O)NC4=O)cc3)no2)cc1
406,CCCCCOc1ccc(-c2ccc(-c3ccc(C(=O)N[C@H]4C[C@@H](O)[C@@H](O)NC(=O)[C@@H]5[C@@H](O)[C@@H](C)CN5C(=O)[C@H]([C@@H](C)O)NC(=O)[C@H]([C@H](O)[C@@H](O)c5ccc(O)cc5)NC(=O)[C@@H]5C[C@@H](O)CN5C(=O)[C@H]([C@@H](C)O)NC4=O)cc3)cc2)cc1
407,CCCCC[C@@H](O)CC[C@H]1[C@@H]2Cc3cccc(OCC(=O)O)c3C[C@@H]2C[C@@H]1O
408,CCCCC[C@H](O)/C=C/[C@@H]1[C@@H](C/C=C\CCCC(=O)O)[C@@H](O)C[C@H]1O
409,CCCCC[C@H](O)/C=C/[C@H]1[C@H](O)CC(=O)[C@@H]1C/C=C\CCCC(=O)O
410,CCCCC[C@H](O)/C=C/[C@H]1[C@H](O)CC(=O)[C@@H]1CCCCCCC(=O)O
411,CCCCCc1cc(O)c2c(c1)OC(C)(C)[C@@H]1CCC(C)=C[C@@H]21
412,CCCCN(CCCC)CC(O)c1cc(Cl)cc2c1-c1ccc(Cl)cc1/C2=C/c1ccc(Cl)cc1
413,CCCCN(CCCC)CCC(O)c1cc2c(Cl)cc(Cl)cc2c2cc(C(F)(F)F)ccc12
414,CCCCN1C(=O)[C@@H]([C@H](O)C2CCCCC2)NC(=O)C12CCN(Cc1ccc(Oc3ccc(C(=O)O)cc3)cc1)CC2
415,CCCCN1CCCCC1C(=O)Nc1c(C)cccc1C
416,CCCCN1CCCC[C@H]1C(=O)Nc1c(C)cccc1C
417,CCCCN1C[C@H](O)[C@@H](O)[C@H](O)[C@H]1CO
418,CCCCNC(=O)NS(=O)(=O)c1ccc(C)cc1
419,CCCCNc1cc(C(=O)O)cc(S(N)(=O)=O)c1Oc1ccccc1
420,CCCCNc1ccc(C(=O)OCCN(C)C)cc1
421,CCCCNc1ccc(C(=O)OCCOCCOCCOCCOCCOCCOCCOCCOCCOC)cc1
422,CCCCOCCOCCOCc1cc2c(cc1CCC)OCO2
423,CCCCOc1cc(C(=O)NCCN(CC)CC)c2ccccc2n1
424,CCCCOc1cc(C(=O)OCCN(CC)CC)ccc1N
425,CCCCOc1ccc(C(=O)CCN2CCCCC2)cc1
426,CCCCOc1ccc(OCCCN2CCOCC2)cc1
427,CCCCS(=O)(=O)N[C@@H](Cc1ccc(OCCCCC2CCNCC2)cc1)C(=O)O
428,CCCCc1ncc(/C=C(\Cc2cccs2)C(=O)O)n1Cc1ccc(C(=O)O)cc1
429,CCCCc1oc2ccc(NS(C)(=O)=O)cc2c1C(=O)c1ccc(OCCCN(CCCC)CCCC)cc1
430,CCCCc1oc2ccccc2c1C(=O)c1cc(I)c(OCCN(CC)CC)c(I)c1
431,CCCN(CC)C(CC)C(=O)Nc1c(C)cccc1C
432,CCCN(CCC)CCc1cccc2c1CC(=O)N2
433,CCCN(CCC)S(=O)(=O)c1ccc(C(=O)O)cc1
434,CCCN(CCc1cccs1)[C@H]1CCc2c(O)cccc2C1
435,CCCN1CCCC[C@H]1C(=O)Nc1c(C)cccc1C
436,CCCN1C[C@H](CSC)C[C@@H]2c3cccc4[nH]cc(c34)C[C@H]21
437,CCCNC(=O)NS(=O)(=O)c1ccc(Cl)cc1
438,CCCNC(C)C(=O)Nc1c(C)csc1C(=O)OC
439,CCCNC(C)C(=O)Nc1ccccc1C
440,CCCNCC(O)COc1ccccc1C(=O)CCc1ccccc1
441,CCCN[C@H]1CCc2nc(N)sc2C1
442,CCCOC(=O)Cn1cc(I)c(=O)c(I)c1
443,CCCOc1cc(N)ccc1C(=O)OCCN(CC)CC
444,CCCOc1ccc(C(=O)OCCN(CC)CC)cc1N
445,CCCSc1ccc2[nH]c(NC(=O)OC)nc2c1
446,CCCSc1nc(N[C@@H]2C[C@H]2c2ccc(F)c(F)c2)c2nnn([C@@H]3C[C@H](OCCO)[C@@H](O)[C@H]3O)c2n1
447,CCC[C@@H]1C[C@@H](C(=O)NC(C(C)Cl)[C@H]2O[C@H](SC)[C@H](O)[C@@H](O)[C@H]2O)N(C)C1
448,CCC[C@@H]1C[C@@H](C(=O)N[C@@H]([C@H]2O[C@H](SC)[C@H](O)[C@@H](O)[C@H]2O)[C@@H](C)O)N(C)C1
449,CCC[C@@]1(CCc2ccccc2)CC(O)=C([C@H](CC)c2cccc(NS(=O)(=O)c3ccc(C(F)(F)F)cn3)c2)C(=O)O1
450,CCC[C@H](NC(=O)[C@@H]1[C@H]2CCC[C@H]2CN1C(=O)[C@@H](NC(=O)[C@@H](NC(=O)c1cnccn1)C1CCCCC1)C(C)(C)C)C(=O)C(=O)NC1CC1
451,CCC[C@H](N[C@@H](C)C(=O)N1[C@H](C(=O)O)C[C@@H]2CCCC[C@@H]21)C(=O)OCC
452,CCCc1c2oc(C(=O)O)cc(=O)c2cc2c(=O)cc(C(=O)O)n(CC)c12
453,CCCc1cc(=O)[nH]c(=S)[nH]1
454,CCCc1nc(C(C)(C)O)c(C(=O)OCc2oc(=O)oc2C)n1Cc1ccc(-c2ccccc2-c2nn[nH]n2)cc1
455,CCCc1nc(C)c2c(=O)nc(-c3cc(S(=O)(=O)N4CCN(CC)CC4)ccc3OCC)[nH]n12
456,CCCc1nc2c(C)cc(-c3nc4ccccc4n3C)cc2n1Cc1ccc(-c2ccccc2C(=O)O)cc1
457,CCCc1nn(C)c2c(=O)[nH]c(-c3cc(S(=O)(=O)N4CCN(C)CC4)ccc3OCC)nc12
458,CCN(C(C)=O)c1cccc(-c2ccnc3c(C#N)cnn23)c1
459,CCN(C)C(=O)Oc1cccc([C@H](C)N(C)C)c1
460,CCN(CC)C(=O)/C(C#N)=C/c1cc(O)c(O)c([N+](=O)[O-])c1
461,CCN(CC)C(=O)C1CN2CCc3cc(OC)c(OC)cc3C2CC1OC(C)=O
462,CCN(CC)C(=O)N1CCN(C)CC1
463,CCN(CC)C(=O)[C@]1(c2ccccc2)C[C@@H]1CN
464,CCN(CC)C(=S)SSC(=S)N(CC)CC
465,CCN(CC)C(C)C(=O)c1ccccc1
466,CCN(CC)C(C)CN1c2ccccc2Sc2ccccc21
467,CCN(CC)CC#CCOC(=O)C(O)(c1ccccc1)C1CCCCC1
468,CCN(CC)CC(=O)OCC(=O)[C@@]1(O)CC[C@H]2[C@@H]3CCC4=CC(=O)CC[C@]4(C)[C@H]3[C@@H](O)C[C@@]21C
469,CCN(CC)CCCC(C)Nc1ccnc2cc(Cl)ccc12
470,CCN(CC)CCN1C(=O)CN=C(c2ccccc2F)c2cc(Cl)ccc21
471,CCN(CC)CCNC(=O)c1cc(Cl)c(N)cc1OC
472,CCN(CC)CCNC(=O)c1ccc(N)cc1
473,CCN(CC)CCOC(=O)C1(C2CCCCC2)CCCCC1
474,CCN(CC)CCOC(=O)c1ccc(N)cc1
475,CCN(CC)CCOC(=O)c1ccc(N)cc1Cl
476,CCN(CC)CCOc1ccc(/C(=C(\Cl)c2ccccc2)c2ccccc2)cc1
477,CCN(CC)CCS(=O)(=O)[C@@H]1CCN2C(=O)c3coc(n3)CC(=O)C[C@H](O)/C=C(C)/C=C/CNC(=O)/C=C/[C@@H](C)[C@@H](C(C)C)OC(=O)C12
478,CCN(CC)Cc1cc(Nc2ccnc3cc(Cl)ccc23)ccc1O
479,CCN(CC)c1ccc(C(=C2C=CC(=[N+](CC)CC)C=C2)c2cc(S(=O)(=O)O)ccc2S(=O)(=O)[O-])cc1
480,CCN(CCO)CCCC(C)Nc1ccnc2cc(Cl)ccc12
481,CCN(Cc1ccncc1)C(=O)C(CO)c1ccccc1
482,CCN1C(=O)NC(c2ccccc2)C1=O
483,CCN1CC(CCN2CCOCC2)C(c2ccccc2)(c2ccccc2)C1=O
484,CCN1CCN(C(=O)N[C@@H](C(=O)N[C@@H]2C(=O)N3C(C(=O)O)=C(CSc4nnnn4C)CS[C@H]23)c2ccc(O)cc2)C(=O)C1=O
485,CCN1CCN(C(=O)N[C@@H](C(=O)N[C@@H]2C(=O)N3[C@@H]2SC(C)(C)[C@@H]3C(=O)O)c2ccccc2)C(=O)C1=O
486,CCNC(=NCCCC[C@H](NC(=O)[C@H](CC(C)C)NC(=O)[C@@H](CCCCN=C(NCC)NCC)NC(=O)[C@H](Cc1ccc(O)cc1)NC(=O)[C@H](CO)NC(=O)[C@@H](Cc1cccnc1)NC(=O)[C@@H](Cc1ccc(Cl)cc1)NC(=O)[C@@H](Cc1ccc2ccccc2c1)NC(C)=O)C(=O)N1CCC[C@H]1C(=O)N[C@H](C)C(N)=O)NCC
487,CCNC(=O)CCC/C=C\C[C@@H]1[C@@H](/C=C/[C@@H](O)CCc2ccccc2)[C@H](O)C[C@@H]1O
488,CCNC(=O)[C@@H]1CCCN1C(=O)[C@H](CCCNC(=N)N)NC(=O)[C@H](CC(C)C)NC(=O)[C@@H](CC(C)C)NC(=O)[C@H](Cc1ccc(O)cc1)NC(=O)[C@H](CO)NC(=O)[C@H](Cc1c[nH]c2ccccc12)NC(=O)[C@H](Cc1cnc[nH]1)NC(=O)[C@@H]1CCC(=O)N1
489,CCNC(=O)[C@@H]1CCCN1C(=O)[C@H](CCCNC(=N)N)NC(=O)[C@H](CC(C)C)NC(=O)[C@@H](Cc1cn(Cc2ccccc2)cn1)NC(=O)[C@H](Cc1ccc(O)cc1)NC(=O)[C@H](CO)NC(=O)[C@H](Cc1c[nH]c2ccccc12)NC(=O)[C@H](Cc1cnc[nH]1)NC(=O)[C@@H]1CCC(=O)N1
490,CCN[C@@H]1C[C@H](N)[C@@H](O[C@H]2OC(CN)=CC[C@H]2N)[C@H](O)[C@H]1O[C@H]1OC[C@](C)(O)[C@H](NC)[C@H]1O
491,CCN[C@H]1CN(CCCOC)S(=O)(=O)c2sc(S(N)(=O)=O)cc21
492,CCN[C@H]1C[C@H](C)S(=O)(=O)c2sc(S(N)(=O)=O)cc21
493,CCO
494,CCO/N=C(\C(=O)N[C@@H]1C(=O)N2C(C(=O)[O-])=C(Sc3nc(-c4cc[n+](C)cc4)cs3)CS[C@H]12)c1nsc(NP(=O)(O)O)n1
495,CCOC(=O)/C=C(C)/C=C/C=C(C)/C=C/c1c(C)cc(OC)c(C)c1C
496,CCOC(=O)C(C)(C)Oc1ccc(Cl)cc1
497,CCOC(=O)C1(c2ccccc2)CCN(C)CC1
498,CCOC(=O)C1(c2ccccc2)CCN(CCC(C#N)(c2ccccc2)c2ccccc2)CC1
499,CCOC(=O)C1(c2ccccc2)CCN(CCc2ccc(N)cc2)CC1
500,CCOC(=O)C1=C(C)NC(C)=C(C(=O)OC)C1c1cccc(Cl)c1Cl
501,CCOC(=O)C1=C(COCCN)NC(C)=C(C(=O)OC)C1c1ccccc1Cl
502,CCOC(=O)C1=C[C@@H](OC(CC)CC)[C@H](NC(C)=O)[C@@H](N)C1
503,CCOC(=O)CC(SP(=S)(OC)OC)C(=O)OCC
504,CCOC(=O)CCCCCCCCC(C)c1ccccc1I
505,CCOC(=O)N1CCC(=C2c3ccc(Cl)cc3CCc3cccnc32)CC1
506,CCOC(=O)Nc1ccc(NCc2ccc(F)cc2)cc1N
507,CCOC(=O)Nc1ccc2c(c1)N(C(=O)CCN1CCOCC1)c1ccccc1S2
508,CCOC(=O)OC(C)OC(=O)[C@@H]1N2C(=O)[C@@H](NC(=O)[C@H](N)c3ccccc3)[C@H]2SC1(C)C
509,CCOC(=O)O[C@]1(C(=O)COC(=O)CC)CC[C@H]2[C@@H]3CCC4=CC(=O)C=C[C@]4(C)[C@H]3[C@@H](O)C[C@@]21C
510,CCOC(=O)O[C@]1(C(=O)OCCl)CC[C@H]2[C@@H]3CCC4=CC(=O)C=C[C@]4(C)[C@H]3[C@@H](O)C[C@@]21C
511,CCOC(=O)[C@@](C)(N)Cc1ccc(O)c(O)c1
512,CCOC(=O)[C@H](CCc1ccccc1)N[C@@H](C)C(=O)N1CC2(C[C@H]1C(=O)O)SCCS2
513,CCOC(=O)[C@H](CCc1ccccc1)N[C@@H](C)C(=O)N1CCC[C@H]1C(=O)O
514,CCOC(=O)[C@H](CCc1ccccc1)N[C@@H](C)C(=O)N1Cc2cc(OC)c(OC)cc2C[C@H]1C(=O)O
515,CCOC(=O)[C@H](CCc1ccccc1)N[C@@H](C)C(=O)N1Cc2ccccc2C[C@H]1C(=O)O
516,CCOC(=O)[C@H](CCc1ccccc1)N[C@@H](C)C(=O)N1[C@H](C(=O)O)C[C@@H]2CCC[C@@H]21
517,CCOC(=O)[C@H](CCc1ccccc1)N[C@@H](C)C(=O)N1[C@H](C(=O)O)C[C@H]2CCCC[C@@H]21
518,CCOC(=O)[C@H](CCc1ccccc1)N[C@H]1CCc2ccccc2N(CC(=O)O)C1=O
519,CCOC(=O)c1ccc(C#Cc2ccc3c(c2)C(C)(C)CCS3)nc1
520,CCOC(=O)c1cncn1C(C)c1ccccc1
521,CCOC(=O)c1ncn2c1CN(C)C(=O)c1cc(F)ccc1-2
522,CCOCCP(CCOCC)CCP(CCOCC)CCOCC
523,CCOCCn1c(N2CCCN(C)CC2)nc2ccccc21
524,CCOP(=O)(OCC)SCC[N+](C)(C)C
525,CCOc1cc(CC(=O)N[C@@H](CC(C)C)c2ccccc2N2CCCCC2)ccc1C(=O)O
526,CCOc1ccc(-c2cc(C)cn2-c2ccc(S(N)(=O)=O)cc2)cc1
527,CCOc1ccc(CC(CN(CCN(CC(=O)O)CC(=O)O)CC(=O)O)N(CC(=O)O)CC(=O)O)cc1
528,CCOc1ccc2ccccc2c1C(=O)N[C@@H]1C(=O)N2[C@@H]1SC(C)(C)[C@@H]2C(=O)O
529,CCOc1ccc2nc(S(N)(=O)=O)sc2c1
530,CCOc1ccccc1OCCN[C@H](C)Cc1ccc(OC)c(S(N)(=O)=O)c1
531,CCOc1nc2cccc(C(=O)OCc3oc(=O)oc3C)c2n1Cc1ccc(-c2ccccc2-c2nc(=O)o[nH]2)cc1
532,CCS(=O)(=O)CCn1c([N+](=O)[O-])cnc1C
533,CCSc1ccc2c(c1)N(CCCN1CCN(C)CC1)c1ccccc1S2
534,CC[C@@H](C(N)=O)N1CCCC1=O
535,CC[C@@H](C)C(=O)O[C@H]1[C@H](O)[C@H]2[C@@H](CN3C[C@@H](C)CC[C@H]3[C@@]2(C)O)[C@@H]2C[C@]34O[C@]5(O)[C@@H](OC(=O)[C@@](C)(O)CC)CC[C@@]3(C)[C@@H]5[C@@H](OC(C)=O)[C@@H](OC(C)=O)[C@H]4[C@@]21O
536,CC[C@@H](CO)NC(=O)[C@@H]1C=C2c3cccc4[nH]cc(c34)C[C@H]2N(C)C1
537,CC[C@@H](CO)NC(=O)[C@@H]1C=C2c3cccc4c3c(cn4C)C[C@H]2N(C)C1
538,CC[C@@H](CO)NCCN[C@@H](CC)CO
539,CC[C@@H]([C@H](C)O)n1ncn(-c2ccc(N3CCN(c4ccc(OC[C@@H]5CO[C@@](Cn6cncn6)(c6ccc(F)cc6F)C5)cc4)CC3)cc2)c1=O
540,CC[C@@H](c1cccc(O)c1)[C@@H](C)CN(C)C
541,CC[C@@H]1/C=C(/C)C[C@H](C)C[C@H](OC)[C@H]2O[C@@](O)(C(=O)C(=O)N3CCCC[C@H]3C(=O)O[C@H](/C(C)=C/[C@@H]3CC[C@H](Cl)[C@H](OC)C3)[C@H](C)[C@@H](O)CC1=O)[C@H](C)C[C@@H]2OC
542,CC[C@@H]1C(=O)OC[C@@H]1Cc1cncn1C
543,CC[C@@]1(O)C(=O)OCc2c1cc1n(c2=O)Cc2cc3c(CN(C)C)c(O)ccc3nc2-1
544,CC[C@H](C)C(=O)O[C@H]1C[C@@H](C)C=C2C=C[C@H](C)[C@H](CC[C@@H]3C[C@@H](O)CC(=O)O3)[C@H]21
545,CC[C@H](C)C(=O)O[C@H]1C[C@H](O)C=C2C=C[C@H](C)[C@H](CC[C@@H](O)C[C@@H](O)CC(=O)O)[C@H]21
546,CC[C@H](C)[C@@H]1NC(=O)[C@H](Cc2ccc(O)cc2)NC(=O)[C@@H](N)CSSC[C@@H](C(=O)N2CCC[C@H]2C(=O)N[C@@H](CC(C)C)C(=O)NCC(N)=O)NC(=O)[C@H](CC(N)=O)NC(=O)[C@H](CCC(N)=O)NC1=O
547,CC[C@H](C)[C@H]1O[C@]2(CC[C@@H]1C)C[C@@H]1C[C@@H](C/C=C(\C)[C@@H](O[C@H]3C[C@H](OC)[C@@H](O[C@H]4C[C@H](OC)[C@@H](O)[C@H](C)O4)[C@H](C)O3)[C@@H](C)/C=C/C=C3\CO[C@@H]4[C@H](O)C(C)=C[C@@H](C(=O)O1)[C@]34O)O2
548,CC[C@H](OC(C)=O)C(C[C@H](C)N(C)C)(c1ccccc1)c1ccccc1
549,CC[C@H]1CCC[C@H](O[C@H]2CC[C@H](N(C)C)[C@@H](C)O2)[C@@H](C)C(=O)C2=C[C@@H]3[C@@H](C=C(C)[C@@H]4C[C@@H](O[C@@H]5O[C@@H](C)[C@H](OC)[C@@H](OC)[C@H]5OC)C[C@@H]34)[C@@H]2CC(=O)O1
550,CC[C@H]1NC(=O)[C@@H](NC(=O)c2ncccc2O)[C@@H](C)OC(=O)[C@H](c2ccccc2)NC(=O)C2CC(=O)C(CS[C@@H]3CN4CCC3CC4)CN2C(=O)[C@H](Cc2ccc(N(C)C)cc2)N(C)C(=O)[C@@H]2CCCN2C1=O
551,CC[C@H]1OC(=O)[C@H](C)[C@@H](O[C@H]2C[C@@](C)(OC)[C@@H](O)[C@H](C)O2)C(C)[C@@H](O[C@@H]2O[C@H](C)C[C@H](N(C)C)[C@H]2O)[C@](C)(O)C[C@@H](C)CN(C)[C@H](C)[C@@H](O)[C@]1(C)O
552,CC[C@H]1OC(=O)[C@H](C)[C@@H](O[C@H]2C[C@@](C)(OC)[C@@H](O)[C@H](C)O2)[C@H](C)[C@@H](O[C@@H]2O[C@H](C)C[C@H](N(C)C)[C@H]2O)[C@](C)(O)C[C@@H](C)C(=O)[C@H](C)[C@@H](O)[C@]1(C)O
553,CC[C@H]1OC(=O)[C@H](C)[C@@H](O[C@H]2C[C@@](C)(OC)[C@@H](O)[C@H](C)O2)[C@H](C)[C@@H](O[C@@H]2O[C@H](C)C[C@H](N(C)C)[C@H]2O)[C@](C)(OC)C[C@@H](C)C(=O)[C@H](C)[C@@H](O)[C@]1(C)O
554,CC[C@]1(O)CC[C@H]2[C@@H]3CCC4=CCCC[C@@H]4[C@H]3CC[C@@]21C
555,CC[C@]1(O)C[C@H]2CN(CCc3c([nH]c4ccccc34)[C@@](C(=O)OC)(c3cc4c(cc3OC)N(C=O)[C@H]3[C@@](O)(C(=O)OC)[C@H](OC(C)=O)[C@]5(CC)C=CCN6CC[C@]43[C@@H]65)C2)C1
556,CC[N+](C)(C)Cc1ccccc1Br
557,CC[N+](C)(C)c1cccc(O)c1
558,CC[N+](C)(CC)CCOC(=O)C(O)(c1ccccc1)C1CCCCC1
559,CC[N+](C)(CC)CCOC(=O)C1c2ccccc2Oc2ccccc21
560,CC[N+](CC)(CC)CCC(O)(c1ccccc1)C1CCCCC1
561,CC[N+](CC)(CC)CCOc1cccc(OCC[N+](CC)(CC)CC)c1OCC[N+](CC)(CC)CC
562,CC[N+](CC)(CCNC(=O)C(=O)NCC[N+](CC)(CC)Cc1ccccc1Cl)Cc1ccccc1Cl
563,CC[P](CC)(CC)=[Au][S][C@@H]1O[C@H](COC(C)=O)[C@@H](OC(C)=O)[C@H](OC(C)=O)[C@H]1OC(C)=O
564,CCc1c(C)[nH]c2c1C(=O)C(CN1CCOCC1)CC2
565,CCc1c(Cl)c(O)c(Cl)c(O)c1C(=O)O[C@H]1[C@H](O)[C@H](OC)[C@H](OC/C2=C\C=C\C[C@H](O)/C(C)=C/[C@H](CC)[C@@H](O[C@@H]3OC(C)(C)[C@@H](OC(=O)C(C)C)[C@H](O)[C@@H]3O)/C(C)=C/C(C)=C/C[C@@H]([C@@H](C)O)OC2=O)O[C@@H]1C
566,CCc1cc(C(N)=S)ccn1
567,CCc1cc2c(cc1CC)CC(NC[C@H](O)c1ccc(O)c3[nH]c(=O)ccc13)C2
568,CCc1cccc2c3c([nH]c12)C(CC)(CC(=O)O)OCC3
569,CCc1nc(N)nc(N)c1-c1ccc(Cl)cc1
570,CCc1nn(CCCN2CCN(c3cccc(Cl)c3)CC2)c(=O)n1CCOc1ccccc1
571,CCn1cc(C(=O)O)c(=O)c2cc(F)c(N3CCNC(C)C3)c(F)c21
572,CCn1cc(C(=O)O)c(=O)c2cc(F)c(N3CCNCC3)cc21
573,CCn1cc(C(=O)O)c(=O)c2cc(F)c(N3CCNCC3)nc21
574,CCn1cc(C(=O)O)c(=O)c2ccc(C)nc21
575,CCn1ccc(NS(=O)(=O)c2ccc(N)cc2)nc1=O
576,CCn1nc(C(=O)O)c(=O)c2cc3c(cc21)OCO3
577,CN(C(=O)CC(=O)N(C)c1c(I)c(C(=O)NC(CO)C(O)CO)c(I)c(C(=O)NC(CO)C(O)CO)c1I)c1c(I)c(C(=O)NC(CO)C(O)CO)c(I)c(C(=O)NC(CO)C(O)CO)c1I
578,CN(C)/C=N/c1c(I)cc(I)c(CCC(=O)O)c1I
579,CN(C)/N=N/c1[nH]cnc1C(N)=O
580,CN(C)C(=N)NC(=N)N
581,CN(C)C(=O)C(CCN1CCC(O)(c2ccc(Cl)cc2)CC1)(c1ccccc1)c1ccccc1
582,CN(C)C(=O)Oc1ccc[n+](C)c1
583,CN(C)CC(c1ccc(O)cc1)C1(O)CCCCC1
584,CN(C)CC/C=C1/c2ccccc2COc2ccc(CC(=O)O)cc21
585,CN(C)CC/C=C1/c2ccccc2Sc2ccc(Cl)cc21
586,CN(C)CCC(O)(c1ccccc1)c1ccccc1Cl
587,CN(C)CCC(c1ccc(Br)cc1)c1ccccn1
588,CN(C)CCC(c1ccc(Cl)cc1)c1ccccn1
589,CN(C)CCC(c1ccccc1)c1ccccn1
590,CN(C)CCC=C1c2ccccc2CCc2ccccc21
591,CN(C)CCCC1(c2ccc(F)cc2)OCc2cc(C#N)ccc21
592,CN(C)CCCN1c2ccccc2CCc2ccc(Cl)cc21
593,CN(C)CCCN1c2ccccc2CCc2ccccc21
594,CN(C)CCCN1c2ccccc2Sc2ccc(C(F)(F)F)cc21
595,CN(C)CCCN1c2ccccc2Sc2ccc(Cl)cc21
596,CN(C)CCCN1c2ccccc2Sc2ccccc21
597,CN(C)CCC[C@@]1(c2ccc(F)cc2)OCc2cc(C#N)ccc21
598,CN(C)CCN(Cc1ccccc1)c1ccccn1
599,CN(C)CCOC(=O)C(c1ccccc1)C1(O)CCCC1
600,CN(C)CCOC(C)(c1ccccc1)c1ccccn1
601,CN(C)CCOC(c1ccc(Cl)cc1)c1ccccn1
602,CN(C)CCOC(c1ccccc1)c1ccccc1
603,CN(C)CCOc1ccc(/C(=C(/CCCl)c2ccccc2)c2ccccc2)cc1
604,CN(C)CC[C@@H](c1ccc(Br)cc1)c1ccccn1
605,CN(C)CCc1c[nH]c2ccc(CS(=O)(=O)N3CCCC3)cc12
606,CN(C)CCc1c[nH]c2ccc(C[C@H]3COC(=O)N3)cc12
607,CN(C)CCc1c[nH]c2ccc(Cn3cncn3)cc12
608,CN(C)CCn1nnnc1SCC1=C(C(=O)O)N2C(=O)[C@@H](NC(=O)Cc3csc(N)n3)[C@H]2SC1
609,CN(C)N/N=C1/N=CN=C1C(N)=O
610,CN(C)[C@@H]1C(O)=C(C(N)=O)C(=O)[C@@]2(O)C(O)=C3C(=O)c4c(O)ccc(Cl)c4[C@@H](O)[C@H]3C[C@@H]12
611,CN(C)[C@@H]1C(O)=C(C(N)=O)C(=O)[C@@]2(O)C(O)=C3C(=O)c4c(O)cccc4[C@@](C)(O)[C@H]3C[C@@H]12
612,CN(C)[C@@H]1C(O)=C(C(N)=O)C(=O)[C@@]2(O)C(O)=C3C(=O)c4c(O)cccc4[C@@](C)(O)[C@H]3[C@H](O)[C@@H]12
613,CN(C)c1cc(NC(=O)CNC(C)(C)C)c(O)c2c1C[C@H]1C[C@H]3[C@H](N(C)C)C(O)=C(C(N)=O)C(=O)[C@@]3(O)C(O)=C1C2=O
614,CN(C)c1ccc(C(=C2C=CC(=[N+](C)C)C=C2)c2ccc(N(C)C)cc2)cc1
615,CN(C)c1cccc2cc(S(=O)(=O)O)ccc12
616,CN(C)c1nc(N(C)C)nc(N(C)C)n1
617,CN(C/C=C/C#CC(C)(C)C)Cc1cccc2ccccc12
618,CN(C/C=C/c1ccccc1)Cc1cccc2ccccc12
619,CN(CCCCCCCCCCN(C)C(=O)Oc1cccc([N+](C)(C)C)c1)C(=O)Oc1cccc([N+](C)(C)C)c1
620,CN(CCCl)CCCl
621,CN(CCOc1ccc(NS(C)(=O)=O)cc1)CCc1ccc(NS(C)(=O)=O)cc1
622,CN(N=O)C(=O)N[C@@H]1[C@@H](O)[C@H](O)[C@@H](CO)O[C@@H]1O
623,CN/C(=C\[N+](=O)[O-])NCCSCc1ccc(CN(C)C)o1
624,CN/C(=C\[N+](=O)[O-])NCCSCc1csc(CN(C)C)n1
625,CN/C(=N\C#N)NCCSCc1nc[nH]c1C
626,CN1C(=O)C(O)N=C(c2ccccc2)c2cc(Cl)ccc21
627,CN1C(=O)CC(C)(c2ccccc2)C1=O
628,CN1C(=O)CC(c2ccccc2)C1=O
629,CN1C(=O)CCS(=O)(=O)C1c1ccc(Cl)cc1
630,CN1C(=O)CN=C(c2ccccc2)c2cc(Cl)ccc21
631,CN1C(=O)OC(C)(C)C1=O
632,CN1C(C(=O)Nc2ccccn2)=C(O)c2ccccc2S1(=O)=O
633,CN1C(CCl)Nc2cc(Cl)c(S(N)(=O)=O)cc2S1(=O)=O
634,CN1C(CSCC(F)(F)F)Nc2cc(Cl)c(S(N)(=O)=O)cc2S1(=O)=O
635,CN1C2CC(OC(=O)C(CO)c3ccccc3)CC1C1OC12
636,CN1C2CCCC1CC(NC(=O)c1nn(C)c3ccccc13)C2
637,CN1CC(=O)N2[C@H](c3ccc4c(c3)OCO4)c3[nH]c4ccccc4c3C[C@@H]2C1=O
638,CN1CCC(=C2c3ccccc3C=Cc3ccccc32)CC1
639,CN1CCC(=C2c3ccccc3CC(=O)c3sccc32)CC1
640,CN1CCC(=C2c3ccccc3CCc3cccnc32)CC1
641,CN1CCC(=C2c3ccccc3CCn3c(C=O)cnc32)CC1
642,CN1CCC(CN2c3ccccc3Sc3ccccc32)C1
643,CN1CCC(CNc2ccc3ncc(-c4cccc(OC(F)(F)F)c4)n3n2)CC1
644,CN1CCC(OC(c2ccccc2)c2ccccc2)CC1
645,CN1CCCC(CC2c3ccccc3Sc3ccccc32)C1
646,CN1CCCC(n2nc(Cc3ccc(Cl)cc3)c3ccccc3c2=O)CC1
647,CN1CCCCC1CCN1c2ccccc2Sc2ccc(S(C)=O)cc21
648,CN1CCCN=C1COC(=O)C(O)(c1ccccc1)C1CCCCC1
649,CN1CCC[C@@H]1CCO[C@](C)(c1ccccc1)c1ccc(Cl)cc1
650,CN1CCC[C@@H]1Cc1c[nH]c2ccc(CCS(=O)(=O)c3ccccc3)cc12
651,CN1CCC[C@H]1c1cccnc1
652,CN1CCN(C(=O)O[C@H]2c3nccnc3C(=O)N2c2ccc(Cl)cn2)CC1
653,CN1CCN(C(c2ccccc2)c2ccccc2)CC1
654,CN1CCN(C2=Nc3cc(Cl)ccc3Nc3ccccc32)CC1
655,CN1CCN(C2=Nc3ccccc3Oc3ccc(Cl)cc32)CC1
656,CN1CCN(CC/C=C2/c3ccccc3Sc3ccc(S(=O)(=O)N(C)C)cc32)CC1
657,CN1CCN(CCCN2c3ccccc3Sc3ccc(C(F)(F)F)cc32)CC1
658,CN1CCN(CCCN2c3ccccc3Sc3ccc(Cl)cc32)CC1
659,CN1CCN(c2ccc3c(c2)N/C(=C2/C(=O)N=c4cccc(F)c4=C2N)N3)CC1
660,CN1CCN(c2ccc3c(c2)N/C(=C2\C(=O)N=c4cccc(F)c4=C2N)N3)CC1
661,CN1CCN2c3ncccc3Cc3ccccc3C2C1
662,CN1CC[C@]23CCCC[C@H]2[C@H]1Cc1ccc(O)cc13
663,CN1CC[C@]23c4c5ccc(O)c4O[C@H]2C(=O)CC[C@@]3(O)[C@H]1C5
664,CN1CC[C@]23c4c5ccc(O)c4O[C@H]2C(=O)CC[C@H]3[C@H]1C5
665,CN1CC[C@]23c4c5ccc(O)c4O[C@H]2[C@@H](O)C=C[C@H]3[C@H]1C5
666,CN1CCc2cccc3c2[C@H]1Cc1ccc(O)c(O)c1-3
667,CN1C[C@@H]2c3ccccc3Oc3ccc(Cl)cc3[C@H]2C1
668,CN1C[C@H](C(=O)N[C@]2(C)O[C@@]3(O)[C@@H]4CCCN4C(=O)[C@H](Cc4ccccc4)N3C2=O)C=C2c3cccc4[nH]cc(c34)C[C@H]21
669,CN1C[C@H](C(=O)N[C@]2(C)O[C@@]3(O)[C@@H]4CCCN4C(=O)[C@H](Cc4ccccc4)N3C2=O)C[C@@H]2c3cccc4[nH]cc(c34)C[C@H]21
670,CN1[C@@H]2CC[C@@H]1CC(OC(c1ccccc1)c1ccccc1)C2
671,CN1[C@@H]2CC[C@H]1C[C@@H](OC(=O)C(CO)c1ccccc1)C2
672,CN1[C@@H]2C[C@@H](OC(=O)[C@H](CO)c3ccccc3)C[C@H]1[C@@H]1O[C@@H]12
673,CN1c2c([nH]c(N)nc2=O)NC[C@@H]1CNc1ccc(C(=O)N[C@@H](CCC(=O)O)C(=O)O)cc1
674,CNC(=O)CN(CCN(CCN(CC(=O)O)CC(=O)NC)CC(=O)O)CC(=O)O
675,CNC(=O)c1c(C)c(C(=O)O)c(I)c(NC(C)=O)c1I
676,CNC(=O)c1c(I)c(C(=O)NCC(=O)Nc2c(I)c(C(=O)O)c(I)c(C(=O)NCCO)c2I)c(I)c(N(C)C(C)=O)c1I
677,CNC(=O)c1c(I)c(NC(C)=O)c(I)c(C(=O)O)c1I
678,CNC(=O)c1cnn(-c2nc(N)c3ncn([C@@H]4O[C@H](CO)[C@@H](O)[C@H]4O)c3n2)c1
679,CNC(C)(C)Cc1ccccc1
680,CNC(C)C1CCC(N)C(OC2C(N)CC(N)C(OC3OCC(C)(O)C(NC)C3O)C2O)O1
681,CNC(C)Cc1ccccc1
682,CNC1(C)C2CCC(C2)C1(C)C
683,CNC1(c2ccccc2Cl)CCCCC1=O
684,CNC1=Nc2ccc(Cl)cc2C(c2ccccc2)=[N+]([O-])C1
685,CNCC(O)c1ccc(OC(=O)C(C)(C)C)c(OC(=O)C(C)(C)C)c1
686,CNCCC(Oc1ccc(C(F)(F)F)cc1)c1ccccc1
687,CNCCCC12CCC(c3ccccc31)c1ccccc12
688,CNCCCC1c2ccccc2C=Cc2ccccc21
689,CNCCCN1c2ccccc2CCc2ccccc21
690,CNCC[C@@H](Oc1ccccc1C)c1ccccc1
691,CNC[C@H](O)[C@@H](O)[C@H](O)[C@H](O)CO
692,CNC[C@H](O)c1ccc(O)c(O)c1
693,CNC[C@H](O)c1cccc(O)c1
694,CNNCc1ccc(C(=O)NC(C)C)cc1
695,CNS(=O)(=O)CCc1ccc2[nH]cc(C3CCN(C)CC3)c2c1
696,CNS(=O)(=O)Cc1ccc2[nH]cc(CCN(C)C)c2c1
697,CN[C@@H](C)[C@@H](O)c1ccccc1
698,CN[C@@H]1CCc2[nH]c3ccc(C(N)=O)cc3c2C1
699,CN[C@@H]1[C@H](O)[C@H](NC)[C@H]2O[C@@]3(O)C(=O)C[C@@H](C)O[C@H]3O[C@@H]2[C@H]1O
700,CN[C@@H]1[C@H](O[C@H]2[C@H](O[C@H]3[C@H](O)[C@@H](O)[C@H](NC(=N)N)[C@@H](O)[C@@H]3NC(=N)N)O[C@@H](C)[C@]2(O)C=O)O[C@@H](CO)[C@H](O)[C@H]1O
701,CN[C@H](CC(C)C)C(=O)N[C@H]1C(=O)N[C@@H](CC(N)=O)C(=O)N[C@H]2C(=O)N[C@H]3C(=O)N[C@H](C(=O)N[C@H](C(=O)O)c4cc(O)cc(O)c4-c4cc3ccc4O)[C@H](O)c3ccc(c(Cl)c3)Oc3cc2cc(c3O[C@@H]2O[C@H](CO)[C@@H](O)[C@H](O)[C@H]2O[C@H]2C[C@](C)(N)[C@H](O)[C@H](C)O2)Oc2ccc(cc2Cl)[C@H]1O
702,CN[C@H]1CC[C@@H](c2ccc(Cl)c(Cl)c2)c2ccccc21
703,CO/N=C(\C(=O)N[C@@H]1C(=O)N2C(C(=O)O)=C(COC(C)=O)CS[C@H]12)c1csc(N)n1
704,CO/N=C(\C(=O)N[C@@H]1C(=O)N2C(C(=O)O)=C(COC(N)=O)CS[C@H]12)c1ccco1
705,CO/N=C(\C(=O)N[C@@H]1C(=O)N2C(C(=O)O)=C(CSc3nc(=O)c(=O)[nH]n3C)CS[C@H]12)c1csc(N)n1
706,CO/N=C(\C(=O)N[C@@H]1C(=O)N2C(C(=O)O)=C(CSc3nnnn3C)CS[C@H]12)c1csc(N)n1
707,CO/N=C(\C(=O)N[C@@H]1C(=O)N2C(C(=O)O)=CCS[C@H]12)c1csc(N)n1
708,CO/N=C(\C(=O)N[C@@H]1C(=O)N2C(C(=O)OC(C)OC(C)=O)=C(COC(N)=O)CS[C@H]12)c1ccco1
709,CO/N=C(\C(=O)N[C@@H]1C(=O)N2C(C(=O)[O-])=C(C[N+]3(C)CCCC3)CS[C@H]12)c1csc(N)n1
710,CO/N=C1\CN(c2nc3c(cc2F)c(=O)c(C(=O)O)cn3C2CC2)CC1CN
711,COC(=O)C(c1ccccc1)C1CCCCN1
712,COC(=O)C1=C(C)NC(C)=C(C(=O)OC(C)C)C1c1cccc2nonc12
713,COC(=O)C1=C(C)NC(C)=C(C(=O)OC)C1c1ccccc1[N+](=O)[O-]
714,COC(=O)C1=C(C)NC(C)=C(C(=O)OCC(C)C)C1c1ccccc1[N+](=O)[O-]
715,COC(=O)C1=C(C)NC(C)=C(C(=O)OCCN(C)Cc2ccccc2)C1c1cccc([N+](=O)[O-])c1
716,COC(=O)CCC(=O)CN
717,COC(=O)CCc1ccc(OCC(O)CNC(C)C)cc1
718,COC(=O)N[C@H](C(=O)N[C@@H](Cc1ccccc1)[C@@H](O)CN(Cc1ccc(-c2ccccn2)cc1)NC(=O)[C@@H](NC(=O)OC)C(C)(C)C)C(C)(C)C
719,COC(=O)Nc1nc2cc(C(=O)c3ccccc3)ccc2[nH]1
720,COC(=O)[C@@H]1CC2=CC(=O)CC[C@]2(C)[C@@]23O[C@@H]2C[C@@]2(C)[C@@H](CC[C@@]24CCC(=O)O4)[C@H]13
721,COC(=O)[C@H](c1ccccc1)[C@H]1CCCCN1
722,COC(=O)[C@H](c1ccccc1Cl)N1CCc2sccc2C1
723,COC(=O)[C@H]1[C@H]2C[C@@H]3c4[nH]c5cc(OC)ccc5c4CCN3C[C@H]2C[C@@H](OC(=O)/C=C/c2cc(OC)c(OC)c(OC)c2)[C@@H]1OC
724,COC(=O)[C@H]1[C@H]2C[C@@H]3c4[nH]c5cc(OC)ccc5c4CCN3C[C@H]2C[C@@H](OC(=O)c2cc(OC)c(OC)c(OC)c2)[C@@H]1OC
725,COC(=O)[C@H]1[C@H]2C[C@@H]3c4[nH]c5ccccc5c4CCN3C[C@H]2C[C@@H](OC(=O)c2cc(OC)c(OC)c(OC)c2)[C@@H]1OC
726,COC(=O)c1ccccc1O
727,COC(CNC(=O)c1ccccc1OCC(=O)O)[CH2][Hg][OH]
728,COC(CNC(N)=O)[CH2][Hg][Cl]
729,COC(F)(F)C(Cl)Cl
730,COC(c1ccccc1)(c1ccccc1)[C@H](Oc1nc(C)cc(C)n1)C(=O)O
731,COC1=CC(=O)C[C@@H](C)[C@]12Oc1c(Cl)c(OC)cc(OC)c1C2=O
732,COC1=CC(=O)OC(/C=C/C2=CCCC=C2)C1
733,COCC(=O)Nc1c(I)c(C(=O)NCC(O)CO)c(I)c(C(=O)N(C)CC(O)CO)c1I
734,COCC1=C(C(=O)OC(C)OC(=O)OC(C)C)N2C(=O)[C@@H](NC(=O)/C(=N\OC)c3csc(N)n3)[C@H]2SC1
735,COCCCC/C(=N\OCCN)c1ccc(C(F)(F)F)cc1
736,COCCCOc1cc(C[C@@H](C[C@H](N)[C@@H](O)C[C@H](C(=O)NCC(C)(C)C(N)=O)C(C)C)C(C)C)ccc1OC
737,COCCCOc1ccnc(CS(=O)c2nc3ccccc3[nH]2)c1C
738,COCCNC(=O)CN(CCN(CCN(CC(=O)O)CC(=O)NCCOC)CC(=O)O)CC(=O)O
739,COCCO
740,COCCOC(=O)C1=C(C)NC(C)=C(C(=O)OC(C)C)C1c1cccc([N+](=O)[O-])c1
741,COCCc1ccc(OCC(O)CNC(C)C)cc1
742,COC[C@@H](NC(C)=O)C(=O)NCc1ccccc1
743,COCc1c(C(C)C)nc(C(C)C)c(/C=C/[C@@H](O)C[C@@H](O)CC(=O)O)c1-c1ccc(F)cc1
744,CO[C@@H]1[C@@H](OC(N)=O)[C@@H](O)[C@H](Oc2ccc3c(O)c(NC(=O)c4ccc(O)c(CC=C(C)C)c4)c(=O)oc3c2C)OC1(C)C
745,CO[C@@]1(NC(=O)C(C(=O)O)c2ccc(O)cc2)C(=O)N2C(C(=O)O)=C(CSc3nnnn3C)CO[C@@H]21
746,CO[C@@]1(NC(=O)C2SC(=C(C(N)=O)C(=O)O)S2)C(=O)N2C(C(=O)O)=C(CSc3nnnn3C)CS[C@@H]21
747,CO[C@@]1(NC(=O)CSCC#N)C(=O)N2C(C(=O)O)=C(CSc3nnnn3C)CS[C@@H]21
748,CO[C@@]1(NC(=O)Cc2cccs2)C(=O)N2C(C(=O)O)=C(COC(N)=O)CS[C@@H]21
749,CO[C@H](C(=O)[C@@H](O)[C@@H](C)O)[C@@H]1Cc2cc3cc(O[C@H]4C[C@@H](O[C@H]5C[C@@H](O)[C@H](O)[C@@H](C)O5)[C@H](O)[C@@H](C)O4)c(C)c(O)c3c(O)c2C(=O)[C@H]1O[C@H]1C[C@@H](O[C@H]2C[C@@H](O[C@H]3C[C@](C)(O)[C@H](O)[C@@H](C)O3)[C@@H](O)[C@@H](C)O2)[C@H](O)[C@@H](C)O1
750,CO[C@H]1/C=C/O[C@@]2(C)Oc3c(C)c(O)c4c(O)c(c(/C=N/N5CCN(C)CC5)c(O)c4c3C2=O)NC(=O)/C(C)=C\C=C\[C@H](C)[C@H](O)[C@@H](C)[C@@H](O)[C@@H](C)[C@H](OC(C)=O)[C@@H]1C
751,CO[C@H]1/C=C/O[C@@]2(C)Oc3c(C)c(O)c4c(O)c(c(/C=N/N5CCN(C6CCCC6)CC5)c(O)c4c3C2=O)NC(=O)/C(C)=C\C=C\[C@H](C)[C@H](O)[C@@H](C)[C@@H](O)[C@@H](C)[C@H](OC(C)=O)[C@@H]1C
752,CO[C@H]1/C=C/O[C@@]2(C)Oc3c(C)c(O)c4c(O)c(c5c(nc6cc(C)ccn65)c4c3C2=O)NC(=O)/C(C)=C\C=C\[C@H](C)[C@H](O)[C@@H](C)[C@@H](O)[C@@H](C)[C@H](OC(C)=O)[C@@H]1C
753,CO[C@H]1/C=C/O[C@@]2(C)Oc3c(C)c(O)c4c(c3C2=O)C2=NC3(CCN(CC(C)C)CC3)NC2=C(NC(=O)/C(C)=C\C=C\[C@H](C)[C@H](O)[C@@H](C)[C@@H](O)[C@@H](C)[C@H](OC(C)=O)[C@@H]1C)C4=O
754,CO[C@H]1C(=O)[C@]2(C)[C@@H](OC)C[C@H]3OC[C@@]3(OC(C)=O)[C@H]2[C@H](OC(=O)c2ccccc2)[C@]2(O)C[C@H](OC(=O)[C@H](O)[C@@H](NC(=O)OC(C)(C)C)c3ccccc3)C(C)=C1C2(C)C
755,CO[C@H]1CC2CC[C@@H](C)[C@@](O)(O2)C(=O)C(=O)N2CCCC[C@H]2C(=O)O[C@H]([C@H](C)C[C@@H]2CC[C@@H](OC(=O)C(C)(CO)CO)[C@H](OC)C2)CC(=O)[C@H](C)/C=C(\C)[C@@H](O)[C@@H](OC)C(=O)[C@H](C)C[C@H](C)/C=C/C=C/C=C/1C
756,CO[C@H]1C[C@@H]2CC[C@@H](C)[C@@](O)(O2)C(=O)C(=O)N2CCCC[C@H]2C(=O)O[C@H]([C@H](C)C[C@@H]2CC[C@@H](O)[C@H](OC)C2)CC(=O)[C@H](C)/C=C(\C)[C@@H](O)[C@@H](OC)C(=O)[C@H](C)C[C@H](C)/C=C/C=C/C=C/1C
757,CO[C@H]1C[C@@H]2CC[C@@H](C)[C@@](O)(O2)C(=O)C(=O)N2CCCC[C@H]2C(=O)O[C@H]([C@H](C)C[C@@H]2CC[C@@H](OCCO)[C@H](OC)C2)CC(=O)[C@H](C)/C=C(\C)[C@@H](O)[C@@H](OC)C(=O)[C@H](C)C[C@H](C)/C=C/C=C/C=C/1C
758,CO[C@H]1C[C@@H]2CC[C@@H](C)[C@@](O)(O2)C(=O)C(=O)N2CCCC[C@H]2C(=O)O[C@H]([C@H](C)C[C@@H]2CC[C@@H](OCCO)[C@H](OC)C2)CC(=O)[C@H](C)/C=C(\C)[C@@H](O)[C@@H](OC)C(=O)[C@H](C)C[C@H](C)/C=C\C=C\C=C\1C
759,CO[C@H]1C[C@H](O[C@H]2[C@H](C)[C@@H](O[C@@H]3O[C@H](C)C[C@H](N(C)C)[C@H]3OC(C)=O)[C@@H](C)C[C@@]3(CO3)C(=O)[C@H](C)[C@@H](OC(C)=O)[C@@H](C)[C@@H](C)OC(=O)[C@@H]2C)O[C@@H](C)[C@@H]1OC(C)=O
760,CO[C@H]1O[C@@H]2O[C@@]3(C)CC[C@H]4[C@H](C)CC[C@@H]([C@H]1C)[C@@]24OO3
761,CO[C@H]1O[C@H](COS(=O)(=O)O)[C@@H](O[C@@H]2O[C@@H](C(=O)O)[C@@H](O[C@H]3O[C@H](COS(=O)(=O)O)[C@@H](O[C@@H]4O[C@H](C(=O)O)[C@@H](O[C@H]5O[C@H](COS(=O)(=O)O)[C@@H](O)[C@H](O)[C@H]5NS(=O)(=O)O)[C@H](O)[C@H]4O)[C@H](OS(=O)(=O)O)[C@H]3NS(=O)(=O)O)[C@H](O)[C@H]2OS(=O)(=O)O)[C@H](O)[C@H]1NS(=O)(=O)O
762,CO[C@]12CC[C@@]3(C[C@@H]1[C@](C)(O)C(C)(C)C)[C@H]1Cc4ccc(O)c5c4[C@@]3(CCN1CC1CC1)[C@H]2O5
763,CO[Si](C)(C)O[Si](C)(C)C
764,COc1c(C)c2c(c(O)c1C/C=C(\C)CCC(=O)O)C(=O)OC2
765,COc1c(N2CCNC(C)C2)c(F)cc2c(=O)c(C(=O)O)cn(C3CC3)c12
766,COc1c(N2C[C@@H]3CCCN[C@@H]3C2)c(F)cc2c(=O)c(C(=O)O)cn(C3CC3)c12
767,COc1c2occc2cc2ccc(=O)oc12
768,COc1cc(C(=O)NCc2ccc(OCCN(C)C)cc2)cc(OC)c1OC
769,COc1cc(C(=O)NS(=O)(=O)c2ccccc2C)ccc1Cc1cn(C)c2ccc(NC(=O)OC3CCCC3)cc12
770,COc1cc(C(C)=O)ccc1OCCCN1CCC(c2noc3cc(F)ccc23)CC1
771,COc1cc(C)c(/C=C/C(C)=C/C=C/C(C)=C/C(=O)O)c(C)c1C
772,COc1cc(C[C@@H]2c3c(cc(OC)c(OC)c3OC)CC[N+]2(C)CCCOC(=O)CCC(=O)OCCC[N+]2(C)CCc3cc(OC)c(OC)c(OC)c3[C@@H]2Cc2cc(OC)c(OC)c(OC)c2)cc(OC)c1OC
773,COc1cc(Cc2cnc(N)nc2N)cc(OC)c1OC
774,COc1cc(N)c(Cl)cc1C(=O)NC1CCN(CCCOc2ccc(F)cc2)CC1OC
775,COc1cc(NC(C)CCCN)c2ncccc2c1
776,COc1cc(NCc2ccc3nc(N)nc(N)c3c2C)cc(OC)c1OC
777,COc1cc([C@@H]2c3cc4c(cc3[C@@H](O[C@@H]3O[C@@H]5COC(c6cccs6)O[C@H]5[C@H](O)[C@H]3O)[C@H]3COC(=O)[C@H]23)OCO4)cc(OC)c1O
778,COc1cc([C@@H]2c3cc4c(cc3[C@H](O)[C@H]3COC(=O)[C@H]23)OCO4)cc(OC)c1OC
779,COc1cc2c(Nc3ccc(Br)cc3F)ncnc2cc1OCC1CCN(C)CC1
780,COc1cc2c(c(OC)c1OC)-c1ccc(OC)c(=O)cc1[C@@H](NC(C)=O)CC2
781,COc1cc2c(cc1OC)C(=O)C(CC1CCN(Cc3ccccc3)CC1)C2
782,COc1cc2c(cc1OC)C1CC(=O)C(CC(C)C)CN1CC2
783,COc1cc2c(cc1OC)[C@@H](Cc1cc(OC)c(OC)c(OC)c1)[N+](C)(CCCOC(=O)CC/C=C/CCC(=O)OCCC[N+]1(C)CCc3cc(OC)c(OC)cc3[C@H]1Cc1cc(OC)c(OC)c(OC)c1)CC2
784,COc1cc2c3cc1Oc1cc(ccc1O)C[C@@H]1c4c(cc(OC)c(O)c4Oc4ccc(cc4)C[C@@H]3N(C)CC2)CC[N+]1(C)C
785,COc1cc2nc(N(C)CCCNC(=O)C3CCCO3)nc(N)c2cc1OC
786,COc1cc2nc(N3CCN(C(=O)C4CCCO4)CC3)nc(N)c2cc1OC
787,COc1cc2nc(N3CCN(C(=O)C4COc5ccccc5O4)CC3)nc(N)c2cc1OC
788,COc1ccc(-c2ccc3cc(C(=O)O)ccc3c2)cc1C12CC3CC(CC(C3)C1)C2
789,COc1ccc(C(=O)CC(=O)c2ccc(C(C)(C)C)cc2)cc1
790,COc1ccc(C(=O)c2ccccc2)c(O)c1
791,COc1ccc(C(Cl)=C(c2ccc(OC)cc2)c2ccc(OC)cc2)cc1
792,COc1ccc(C2C(=O)c3ccccc3C2=O)cc1
793,COc1ccc(CC(C)NCC(O)c2ccc(O)c(NC=O)c2)cc1
794,COc1ccc(CC2c3cc(OC)c(OC)cc3CC[N+]2(C)CCC(=O)OCCCCCOC(=O)CC[N+]2(C)CCc3cc(OC)c(OC)cc3C2Cc2ccc(OC)c(OC)c2)cc1OC
795,COc1ccc(CCN(C)CCCC(C#N)(c2ccc(OC)c(OC)c2)C(C)C)cc1OC
796,COc1ccc(CN(CCN(C)C)c2ccccn2)cc1
797,COc1ccc(C[C@@H](C)NC[C@H](O)c2ccc(O)c(NC=O)c2)cc1
798,COc1ccc(C[C@@H]2c3cc(OC)c(OC)cc3CC[N@+]2(C)CCC(=O)OCCCCCOC(=O)CC[N@@+]2(C)CCc3cc(OC)c(OC)cc3[C@H]2Cc2ccc(OC)c(OC)c2)cc1OC
799,COc1ccc(Cl)cc1C(=O)NCCc1ccc(S(=O)(=O)NC(=O)NC2CCCCC2)cc1
800,COc1ccc(O)cc1
801,COc1ccc(OC)c(C(O)C(C)N)c1
802,COc1ccc(OC)c(C(O)CNC(=O)CN)c1
803,COc1ccc([C@@H]2Sc3ccccc3N(CCN(C)C)C(=O)[C@@H]2OC(C)=O)cc1
804,COc1ccc2c(c1)N(C[C@H](C)CN(C)C)c1ccccc1S2
805,COc1ccc2c(c1)[C@]13CCCC[C@@H]1[C@H](C2)N(C)CC3
806,COc1ccc2c(c1)c(CC(=O)O)c(C)n2C(=O)c1ccc(Cl)cc1
807,COc1ccc2c3c1O[C@H]1C(=O)CC[C@@]4(O)[C@@H](C2)N(C)CC[C@]314
808,COc1ccc2c3c1O[C@H]1C(=O)CC[C@H]4[C@@H](C2)N(C)CC[C@]314
809,COc1ccc2c3c1O[C@H]1[C@@H](O)CC[C@H]4[C@@H](C2)N(C)CC[C@@]341
810,COc1ccc2cc(CCC(C)=O)ccc2c1
811,COc1ccc2cc([C@H](C)C(=O)O)ccc2c1
812,COc1ccc2cc([C@H](C)C(=O)OCCCCO[N+](=O)[O-])ccc2c1
813,COc1ccc2cc1Oc1cc3c(cc1OC)CC[N+](C)(C)[C@H]3Cc1ccc(cc1)Oc1c(OC)c(OC)cc3c1[C@@H](C2)[N+](C)(C)CC3
814,COc1ccc2nc(S(=O)Cc3ncc(C)c(OC)c3C)[nH]c2c1
815,COc1cccc(OC)c1C(=O)N[C@@H]1C(=O)N2[C@@H]1SC(C)(C)[C@@H]2C(=O)O
816,COc1cccc2c1C(=O)c1c(O)c3c(c(O)c1C2=O)C[C@@](O)(C(=O)CO)C[C@@H]3O[C@H]1C[C@H](N)[C@@H](O)[C@H](C)O1
817,COc1ccccc1OCC(O)CN1CCN(CC(=O)Nc2c(C)cccc2C)CC1
818,COc1ccccc1OCC(O)CO
819,COc1ccccc1OCC(O)COC(N)=O
820,COc1ccccc1OCCNCC(O)COc1cccc2[nH]c3ccccc3c12
821,COc1ccccc1Oc1c(NS(=O)(=O)c2ccc(C(C)(C)C)cc2)nc(-c2ncccn2)nc1OCCO
822,COc1ccnc(CS(=O)c2nc3ccc(OC(F)F)cc3[nH]2)c1OC
823,COc1cnc(NS(=O)(=O)c2ccc(N)cc2)nc1
824,COc1nc(N)nc2c1ncn2[C@@H]1O[C@H](CO)[C@@H](O)[C@@H]1O
825,COc1ncnc(NS(=O)(=O)c2ccc(N)cc2)c1OC
826,CS(=O)(=O)c1ccc(C2=C(c3ccccc3)C(=O)OC2)cc1
827,CS(C)=O
828,CSCC[C@H](NC(=O)[C@H](Cc1c[nH]c2ccccc12)NC(=O)CCNC(=O)OCC(C)C)C(=O)N[C@@H](CC(=O)O)C(=O)N[C@@H](Cc1ccccc1)C(N)=O
829,CSCC[C@H](NC(=O)[C@H](Cc1c[nH]c2ccccc12)NC(=O)CNC(=O)[C@@H](NC(=O)[C@H](Cc1ccc(OS(=O)(=O)O)cc1)NC(=O)[C@H](CC(=O)O)NC(=O)[C@H](CCC(N)=O)NC(=O)[C@@H]1CCC(=O)N1)[C@@H](C)O)C(=O)N[C@@H](CC(=O)O)C(=O)N[C@@H](Cc1ccccc1)C(N)=O
830,CSc1ccc2c(c1)N(CCC1CCCCN1C)c1ccccc1S2
831,C[C@@H](CN1CC(=O)NC(=O)C1)N1CC(=O)NC(=O)C1
832,C[C@@H](Cc1ccccc1)NC(=O)[C@@H](N)CCCCN
833,C[C@@H](N)[C@@H](O)c1ccccc1
834,C[C@@H](NCCCc1cccc(C(F)(F)F)c1)c1cccc2ccccc12
835,C[C@@H](O)[C@H]1C(=O)N2C(C(=O)O)=C(SCC/N=C/N)C[C@H]12
836,C[C@@H](O)[C@H]1C(=O)N2C(C(=O)O)=C(S[C@@H]3CN[C@H](C(=O)N(C)C)C3)[C@H](C)[C@H]12
837,C[C@@H](O)[C@H]1C(=O)N2C(C(=O)O)=C(S[C@@H]3CN[C@H](C(=O)Nc4cccc(C(=O)O)c4)C3)[C@H](C)[C@H]12
838,C[C@@H](O)[C@H]1C(=O)N2C(C(=O)O)=C(S[C@@H]3CN[C@H](CNS(N)(=O)=O)C3)[C@H](C)[C@H]12
839,C[C@@H](O[C@H]1OCCN(Cc2n[nH]c(=O)[nH]2)[C@H]1c1ccc(F)cc1)c1cc(C(F)(F)F)cc(C(F)(F)F)c1
840,C[C@@H](Oc1cc(-c2cnn(C3CCNCC3)c2)cnc1N)c1c(Cl)ccc(F)c1Cl
841,C[C@@H](c1ncncc1F)[C@](O)(Cn1cncn1)c1ccc(F)cc1F
842,C[C@@H]1C/C=C/C=C/C=C/C=C/[C@H](OC2O[C@H](C)[C@@H](O)[C@H](N)[C@@H]2O)C[C@@H]2O[C@](O)(C[C@@H](O)C[C@H]3O[C@@H]3/C=C/C(=O)O1)C[C@H](O)[C@H]2C(=O)O
843,C[C@@H]1CCN(C(=O)[C@H](CCCN=C(N)N)NS(=O)(=O)c2cccc3c2NC[C@H](C)C3)[C@@H](C(=O)O)C1
844,C[C@@H]1CN(c2c(F)c(N)c3c(=O)c(C(=O)O)cn(C4CC4)c3c2F)C[C@H](C)N1
845,C[C@@H]1C[C@H]2[C@@H]3CCC4=CC(=O)C=C[C@]4(C)[C@@]3(Cl)[C@@H](O)C[C@]2(C)[C@@]1(OC(=O)c1ccco1)C(=O)CCl
846,C[C@@H]1C[C@H]2[C@@H]3CCC4=CC(=O)C=C[C@]4(C)[C@@]3(F)[C@@H](O)C[C@]2(C)[C@@]1(O)C(=O)CO
847,C[C@@H]1C[C@H]2[C@@H]3CCC4=CC(=O)C=C[C@]4(C)[C@@]3(F)[C@@H](O)C[C@]2(C)[C@@]1(O)C(=O)COP(=O)(O)O
848,C[C@@H]1C[C@H]2[C@@H]3CCC4=CC(=O)C=C[C@]4(C)[C@@]3(F)[C@@H](O)C[C@]2(C)[C@H]1C(=O)CO
849,C[C@@H]1C[C@H]2[C@@H]3C[C@H](F)C4=CC(=O)C=C[C@]4(C)[C@@]3(Cl)[C@@H](O)C[C@]2(C)[C@H]1C(=O)COC(=O)C(C)(C)C
850,C[C@@H]1C[C@H]2[C@@H]3C[C@H](F)C4=CC(=O)C=C[C@]4(C)[C@@]3(F)[C@@H](O)C[C@]2(C)[C@@]1(O)C(=O)COC(=O)C(C)(C)C
851,C[C@@H]1C[C@H]2[C@@H]3C[C@H](F)C4=CC(=O)C=C[C@]4(C)[C@@]3(F)[C@@H](O)C[C@]2(C)[C@@]1(OC(=O)c1ccco1)C(=O)SCF
852,C[C@@H]1O[C@@H]1P(=O)(O)O
853,C[C@@H]1O[C@@]2(CS1)CN1CCC2CC1
854,C[C@@H]1[C@H](O)[C@@H](C)/C=C/C=C/C=C/C=C/C=C/C=C/C=C/[C@H](O[C@@H]2O[C@H](C)[C@@H](O)[C@H](N)[C@@H]2O)C[C@@H]2O[C@](O)(C[C@@H](O)C[C@@H](O)[C@H](O)CC[C@@H](O)C[C@@H](O)CC(=O)O[C@H]1C)C[C@H](O)[C@H]2C(=O)O
855,C[C@@]12CCCCC[C@@H](Cc3ccc(O)cc31)[C@@H]2N
856,C[C@H](/C=C/[C@H](C)C(C)(C)O)[C@H]1CC[C@H]2/C(=C/C=C3C[C@@H](O)C[C@H](O)C3)CCC[C@]12C
857,C[C@H](CCC(=O)O)[C@H]1CC[C@H]2[C@@H]3[C@@H](O)C[C@@H]4C[C@H](O)CC[C@]4(C)[C@H]3CC[C@]12C
858,C[C@H](CCC(=O)O)[C@H]1CC[C@H]2[C@@H]3[C@H](O)C[C@@H]4C[C@H](O)CC[C@]4(C)[C@H]3CC[C@]12C
859,C[C@H](Cc1cc2c(c(C(N)=O)c1)N(CCCO)CC2)NCCOc1ccccc1OCC(F)(F)F
860,C[C@H](Cc1ccc(O)c(O)c1)[C@@H](C)Cc1ccc(O)c(O)c1
861,C[C@H](Cn1cnc2c(N)ncnc21)OCP(=O)(O)O
862,C[C@H](N)C(=O)N[C@@H](C)C(=O)NC1[C@H]2CN(c3nc4c(cc3F)c(=O)c(C(=O)O)cn4-c3ccc(F)cc3F)C[C@@H]12
863,C[C@H](N)Cc1ccccc1
864,C[C@H](N)[C@H](O)c1ccc(O)c(O)c1
865,C[C@H](N)[C@H](O)c1cccc(O)c1
866,C[C@H](NCCc1ccc(O)cc1)[C@H](O)c1ccc(O)cc1
867,C[C@H](N[C@@H](CCc1ccccc1)C(=O)O)C(=O)N1CCC[C@H]1C(=O)O
868,C[C@H](O)C(=O)Nc1c(I)c(C(=O)NC(CO)CO)c(I)c(C(=O)NC(CO)CO)c1I
869,C[C@H](O)[C@H](O)[C@H]1CNc2[nH]c(N)nc(=O)c2N1
870,C[C@H](OC(=O)c1ccccc1)C1=CCC23OCCN(C)CC12C[C@@H](O)C12O[C@@]4(O)CC[C@@]1(C)[C@H](CC=C32)C4
871,C[C@H]1CN(C[C@H](Cc2ccccc2)C(=O)NCC(=O)O)CC[C@@]1(C)c1cccc(O)c1
872,C[C@H]1COc2c(N3CCN(C)CC3)c(F)cc3c(=O)c(C(=O)O)cn1c23
873,C[C@H]1C[C@@H]2[C@H]([C@@H](O)C[C@@]3(C)[C@H]2CC[C@]3(O)C(=O)CO)[C@@]2(C)C=CC(=O)C=C12
874,C[C@H]1C[C@@H]2[C@H]([C@@H](O)C[C@@]3(C)[C@H]2CC[C@]3(O)C(=O)COC(=O)CCC(=O)O)[C@@]2(C)C=CC(=O)C=C12
875,C[C@H]1C[C@H]2[C@@H]3CCC4=CC(=O)C=C[C@]4(C)[C@@]3(F)[C@@H](O)C[C@]2(C)[C@@]1(O)C(=O)CO
876,C[C@H]1C[C@H]2[C@@H]3CCC4=CC(=O)C=C[C@]4(C)[C@@]3(F)[C@@H](O)C[C@]2(C)[C@@]1(OC(=O)c1ccccc1)C(=O)CO
877,C[C@H]1C[C@H]2[C@@H]3CCC4=CC(=O)C=C[C@]4(C)[C@H]3C(=O)C[C@]2(C)[C@@]1(O)C(=O)CO
878,C[C@H]1O[C@@H](O[C@H]2CC[C@@]3(C)[C@H](CC[C@@H]4[C@@H]3C[C@@H](O)[C@]3(C)[C@@H](C5=CC(=O)OC5)CC[C@]43O)C2)C[C@H](O)[C@@H]1O[C@H]1C[C@H](O)[C@H](O[C@H]2C[C@H](O)[C@H](O[C@@H]3O[C@H](CO)[C@@H](O)[C@H](O)[C@H]3O)[C@@H](C)O2)[C@@H](C)O1
879,C[C@H]1O[C@@H](O[C@H]2[C@@H](O)C[C@H](O[C@H]3[C@@H](O)C[C@H](O[C@H]4CC[C@@]5(C)[C@H](CC[C@@H]6[C@@H]5CC[C@]5(C)[C@@H](C7=CC(=O)OC7)CC[C@]65O)C4)O[C@@H]3C)O[C@@H]2C)C[C@H](O)[C@@H]1O
880,C[C@H]1O[C@@H](O[C@H]2[C@@H](O)C[C@H](O[C@H]3[C@@H](O)C[C@H](O[C@H]4CC[C@@]5(C)[C@H](CC[C@@H]6[C@@H]5C[C@@H](O)[C@]5(C)[C@@H](C7=CC(=O)OC7)CC[C@]65O)C4)O[C@@H]3C)O[C@@H]2C)C[C@H](O)[C@@H]1O
881,C[C@H]1O[C@H](O[C@H]2[C@H](O)[C@@H](O)[C@@H](O[C@H]3[C@H](O)[C@@H](O)[C@H](O)O[C@@H]3CO)O[C@@H]2CO)[C@H](O)[C@@H](O)[C@@H]1N[C@H]1C=C(CO)[C@H](O)[C@H](O)[C@H]1O
882,C[C@H]1[C@H](NC(=O)/C(=N\OC(C)(C)C(=O)O)c2csc(N)n2)C(=O)N1S(=O)(=O)O
883,C[C@H]1c2cccc(O)c2C(=O)C2=C(O)[C@]3(O)C(=O)C(C(N)=O)=C(O)[C@@H](N(C)C)[C@@H]3[C@@H](O)[C@@H]21
884,C[C@](N)(Cc1ccc(O)c(O)c1)C(=O)O
885,C[C@](N)(Cc1ccc(O)cc1)C(=O)O
886,C[C@]1(Cn2ccnn2)[C@H](C(=O)O)N2C(=O)C[C@H]2S1(=O)=O
887,C[C@]1(O)CC[C@H]2[C@@H]3CCC4=CC(=O)CC[C@]4(C)[C@@]3(F)[C@@H](O)C[C@@]21C
888,C[C@]12C/C(=C/O)C(=O)C[C@@H]1CC[C@@H]1[C@@H]2CC[C@@]2(C)[C@H]1CC[C@]2(C)O
889,C[C@]12C=CC(=O)C=C1CC[C@@H]1[C@@H]2C(=O)C[C@@]2(C)[C@H]1CC[C@]2(O)C(=O)CO
890,C[C@]12C=CC(=O)C=C1CC[C@@H]1[C@@H]2CC[C@]2(C)OC(=O)CC[C@@H]12
891,C[C@]12C=CC(=O)C=C1CC[C@@H]1[C@@H]2[C@@H](O)C[C@@]2(C)[C@H]1CC[C@]2(O)C(=O)CO
892,C[C@]12C=CC(=O)C=C1CC[C@H]1[C@@H]3C[C@@H](O)[C@](O)(C(=O)CO)[C@@]3(C)C[C@H](O)[C@@]12F
893,C[C@]12C=CC(=O)C=C1[C@@H](F)C[C@@H]1[C@@H]2[C@@H](O)C[C@@]2(C)[C@H]1CC[C@]2(O)C(=O)CO
894,C[C@]12CCC(=O)C=C1CC[C@@H]1[C@@H]2CC[C@@]2(C)[C@H]1CC[C@]2(C)O
895,C[C@]12CCC(=O)C=C1CC[C@@H]1[C@@H]2[C@@H](O)C[C@@]2(C)[C@H]1CC[C@]2(O)C(=O)CO
896,C[C@]12CCC(=O)C=C1CC[C@@H]1[C@@H]2[C@@H](O)C[C@@]2(C)[C@H]1CC[C@]2(O)C(=O)COC(=O)CCC(=O)O
897,C[C@]12CCC(=O)C=C1CC[C@@H]1[C@@H]2[C@@H](O)C[C@@]2(C)[C@H]1CC[C@]2(O)C(=O)COC(=O)CCC1CCCC1
898,C[C@]12CCC(=O)C=C1CC[C@@H]1[C@@H]2[C@@H](O)C[C@@]2(C)[C@H]1CC[C@]2(O)C(=O)COP(=O)(O)O
899,C[C@]12CCC(=O)C=C1[C@@H]1C[C@@H]1[C@H]1[C@@H]3[C@@H]4C[C@@H]4[C@@]4(CCC(=O)O4)[C@@]3(C)CC[C@@H]12
900,C[C@]12CCC3=C4CCC(=O)C=C4CC[C@H]3[C@@H]1CC[C@@]2(O)CC#N
901,C[C@]12CC[C@@H]3c4ccc(O)cc4CC[C@H]3[C@@H]1CCC2=O
902,C[C@]12CC[C@@H]3c4ccc(O)cc4CC[C@H]3[C@@H]1CC[C@@H]2O
903,C[C@]12CC[C@@H]3c4ccc(O)cc4C[C@@H](CCCCCCCCCS(=O)CCCC(F)(F)C(F)(F)F)[C@H]3[C@@H]1CC[C@@H]2O
904,C[C@]12CC[C@@H]3c4ccc(OC(=O)N(CCCl)CCCl)cc4CC[C@H]3[C@@H]1CC[C@@H]2OP(=O)(O)O
905,C[C@]12CC[C@@H]3c4ccc(OS(=O)(=O)O)cc4CC[C@H]3[C@@H]1CCC2=O
906,C[C@]12CC[C@H]3[C@@H](CCC4=CC(=O)CC[C@@H]43)[C@@H]1CC[C@@H]2OC(=O)CCc1ccccc1
907,C[C@]12CC[C@H]3[C@@H](CCC4=CC(=O)CC[C@@]43C)[C@@H]1CC[C@@H]2O
908,C[C@]12CC[C@H]3[C@@H](CC[C@@]45O[C@@H]4C(O)=C(C#N)C[C@]35C)[C@@H]1CC[C@@H]2O
909,C[C@]12COC(=O)C[C@@H]1CC[C@@H]1[C@@H]2CC[C@@]2(C)[C@H]1CC[C@]2(C)O
910,C[C@]12Cc3cn[nH]c3C[C@@H]1CC[C@@H]1[C@@H]2CC[C@@]2(C)[C@H]1CC[C@]2(C)O
911,C[N+](C)(C)CC(=O)[O-]
912,C[N+](C)(C)CCCCCCCCCC[N+](C)(C)C
913,C[N+](C)(C)CCOC(=O)CCC(=O)OCC[N+](C)(C)C
914,C[N+](C)(C)CCOC(N)=O
915,C[N+](C)(C)C[C@H](O)CC(=O)[O-]
916,C[N+](C)(CCCCCC[N+](C)(C)C1c2ccccc2-c2ccccc21)C1c2ccccc2-c2ccccc21
917,C[N+]1(C)C2CCC1CC(OC(=O)C(O)c1ccccc1)C2
918,C[N+]1(C)CCC(=C(c2ccccc2)c2ccccc2)CC1
919,C[N+]1(C)CCC(OC(=O)C(O)(c2ccccc2)C2CCCC2)C1
920,C[N+]1(C)CCCC(OC(=O)C(O)(c2ccccc2)c2ccccc2)C1
921,C[N+]1(C)CCN(CC(O)(c2ccccc2)C2CCCCC2)CC1
922,C[N+]1(C)[C@@H]2CC(OC(=O)C(O)(c3cccs3)c3cccs3)C[C@H]1[C@@H]1O[C@@H]12
923,C[N+]1(CC2CC2)CC[C@]23c4c5ccc(O)c4O[C@H]2C(=O)CC[C@@]3(O)[C@H]1C5
924,C[N+]1(CCCCC[N+]2(C)CCCC2)CCCC1
925,C[N+]12CCC(CC1)C(OC(=O)C(O)(c1ccccc1)c1ccccc1)C2
926,C[n+]1ccccc1/C=N/O
927,Cc1[nH]c(=O)c(C#N)cc1-c1ccncc1
928,Cc1[nH]c2ccccc2c1CCNCc1ccc(/C=C/C(=O)NO)cc1
929,Cc1[nH]cnc1CN1CCc2c(c3ccccc3n2C)C1=O
930,Cc1c(-c2ccccc2)oc2c(C(=O)OCCN3CCCCC3)cccc2c1=O
931,Cc1c(C)c2c(c(C)c1O)CCC(C)(COc1ccc(CC3SC(=O)NC3=O)cc1)O2
932,Cc1c(C)c2c(c(C)c1O)CC[C@@](C)(CCC[C@H](C)CCC[C@H](C)CCCC(C)C)O2
933,Cc1c(F)c(N2CCNC(C)C2)cc2c1c(=O)c(C(=O)O)cn2C1CC1
934,Cc1c(N)nc([C@H](CC(N)=O)NC[C@H](N)C(N)=O)nc1C(=O)N[C@H](C(=O)N[C@H](C)[C@@H](O)[C@H](C)C(=O)N[C@H](C(=O)NCCc1nc(-c2nc(C(=O)NCCC[S+](C)C)cs2)cs1)[C@@H](C)O)[C@@H](O[C@@H]1O[C@@H](CO)[C@@H](O)[C@H](O)[C@@H]1O[C@H]1O[C@H](CO)[C@@H](O)[C@H](OC(N)=O)[C@@H]1O)c1c[nH]cn1
935,Cc1c(O)cccc1C(=O)N[C@@H](CSc1ccccc1)[C@H](O)CN1C[C@H]2CCCC[C@H]2C[C@H]1C(=O)NC(C)(C)C
936,Cc1c(OCC(F)(F)F)ccnc1CS(=O)c1nc2ccccc2[nH]1
937,Cc1c(OCC(F)(F)F)ccnc1C[S@@](=O)c1nc2ccccc2[nH]1
938,Cc1c2oc3c(C)ccc(C(=O)NC4C(=O)NC(C(C)C)C(=O)N5CCCC5C(=O)N(C)CC(=O)N(C)C(C(C)C)C(=O)OC4C)c3nc-2c(C(=O)NC2C(=O)NC(C(C)C)C(=O)N3CCCC3C(=O)N(C)CC(=O)N(C)C(C(C)C)C(=O)OC2C)c(N)c1=O
939,Cc1cc(-c2ccc(N/N=C3/C(=O)c4c(N)cc(S(=O)(=O)O)cc4C=C3S(=O)(=O)O)c(C)c2)ccc1N/N=C1/C(=O)c2c(N)cc(S(=O)(=O)O)cc2C=C1S(=O)(=O)O
940,Cc1cc(/C=C/C#N)cc(C)c1Nc1ccnc(Nc2ccc(C#N)cc2)n1
941,Cc1cc(/C=C/c2ccc3cc(N(C)C)ccc3[n+]2C)c(C)n1-c1ccccc1
942,Cc1cc(C#N)cc(C)c1Oc1nc(Nc2ccc(C#N)cc2)nc(N)c1Br
943,Cc1cc(C(=O)NNCc2ccccc2)no1
944,Cc1cc(C(C)(C)C)c(O)c(C)c1CC1=NCCN1
945,Cc1cc(C)c(/C=C2\C(=O)Nc3ccccc32)[nH]1
946,Cc1cc(C)c(NC(=O)CN(CC(=O)O)CC(=O)O)c(C)c1Br
947,Cc1cc(C)cc(OCC2CNC(=O)O2)c1
948,Cc1cc(C2CCCCC2)n(O)c(=O)c1
949,Cc1cc(O)c(C(=O)N[C@@H](C(=O)N[C@@H]2C(=O)N3C(C(=O)O)=C(CSc4nnnn4C)CS[C@H]23)c2ccc(O)cc2)cn1
950,Cc1cc(OP(=O)(O)O)c2ccccc2c1OP(=O)(O)O
951,Cc1cc2c(s1)=Nc1ccccc1NC=2N1CCN(C)CC1
952,Cc1cc2c(s1)Nc1ccccc1N=C2N1CCN(C)CC1
953,Cc1cc2cc3c(C)cc(=O)oc3c(C)c2o1
954,Cc1cc2nc3c(=O)[nH]c(=O)nc-3n(C[C@H](O)[C@H](O)[C@H](O)CO)c2cc1C
955,Cc1cc2nc3c(=O)[nH]c(=O)nc-3n(C[C@H](O)[C@H](O)[C@H](O)COP(=O)(O)O)c2cc1C
956,Cc1ccc(-c2cc(C(F)(F)F)nn2-c2ccc(S(N)(=O)=O)cc2)cc1
957,Cc1ccc(-c2nc3ccc(C)cn3c2CC(=O)N(C)C)cc1
958,Cc1ccc(-n2[nH]c(C)c(N/N=C3\C=CC=C(c4cccc(C(=O)O)c4)C3=O)c2=O)cc1C
959,Cc1ccc(/C(=C\CN2CCCC2)c2cccc(/C=C/C(=O)O)n2)cc1
960,Cc1ccc(/C(=C\CN2CCCC2)c2ccccn2)cc1
961,Cc1ccc(C(=O)Nc2ccc(CN3CCN(C)CC3)c(C(F)(F)F)c2)cc1C#Cc1cnc2cccnn12
962,Cc1ccc(C(=O)c2cc(O)c(O)c([N+](=O)[O-])c2)cc1
963,Cc1ccc(C(=O)c2ccc(CC(=O)O)n2C)cc1
964,Cc1ccc(C)c(OCCCC(C)(C)C(=O)O)c1
965,Cc1ccc(Cl)c(Nc2ccccc2C(=O)O)c1Cl
966,Cc1ccc(N(CC2=NCCN2)c2cccc(O)c2)cc1
967,Cc1ccc(Nc2nccc(N(C)c3ccc4c(C)n(C)nc4c3)n2)cc1S(N)(=O)=O
968,Cc1ccc(O)c([C@H](CCN(C(C)C)C(C)C)c2ccccc2)c1
969,Cc1ccc(S(=O)(=O)NC(=O)NN2CCCCCC2)cc1
970,Cc1cccc(C)c1N(CC(=O)Nc1ccc(-c2ncon2)cc1)C(=O)C1CCS(=O)(=O)CC1
971,Cc1cccc(C)c1NC(=O)C(C)N
972,Cc1cccc(C)c1NC(=O)C1CCCCN1C
973,Cc1cccc(C)c1NC(=O)CN(CC(=O)O)CC(=O)O
974,Cc1cccc(C)c1OCC(=O)N[C@@H](Cc1ccccc1)[C@@H](O)C[C@H](Cc1ccccc1)NC(=O)[C@H](C(C)C)N1CCCNC1=O
975,Cc1cccc(C)c1OCC(C)N
976,Cc1cccc(CN2CCN(C(c3ccccc3)c3ccc(Cl)cc3)CC2)c1
977,Cc1cccc(Nc2ccccc2C(=O)O)c1C
978,Cc1cccc(Nc2ccncc2S(=O)(=O)NC(=O)NC(C)C)c1
979,Cc1ccccc1C(=O)Nc1ccc(C(=O)N2CCCC(O)c3cc(Cl)ccc32)c(C)c1
980,Cc1ccccc1C(OCCN(C)C)c1ccccc1
981,Cc1ccccc1N1C(=O)c2cc(S(N)(=O)=O)c(Cl)cc2NC1C
982,Cc1ccccc1N1CCN(CCc2nnc3n2CCCC3)CC1
983,Cc1cccn2c(=O)c(-c3nnn[nH]3)cnc12
984,Cc1ccnc(NS(=O)(=O)c2ccc(N)cc2)n1
985,Cc1ccnc2c1NC(=O)c1cccnc1N2C1CC1
986,Cc1ccsc1C(=CCCN1CCC[C@@H](C(=O)O)C1)c1sccc1C
987,Cc1cn([C@@H]2C[C@@H](O)[C@H](CO)O2)c(=O)[nH]c1=O
988,Cc1cn([C@H]2C=C[C@@H](CO)O2)c(=O)[nH]c1=O
989,Cc1cn([C@H]2C[C@H](N=[N+]=[N-])[C@@H](CO)O2)c(=O)[nH]c1=O
990,Cc1cn[nH]c1
991,Cc1cnc(C(=O)NCCc2ccc(S(=O)(=O)NC(=O)NC3CCCCC3)cc2)cn1
992,Cc1cnc(NC(=O)C2=C(O)c3ccccc3S(=O)(=O)N2C)s1
993,Cc1nc(-c2ccc(OCC(C)C)c(C#N)c2)sc1C(=O)O
994,Cc1nc2c([nH]1)CCN(C(=O)c1ccc(NC(=O)c3ccccc3-c3ccccc3)cc1)c1ccccc1-2
995,Cc1nc2n(c(=O)c1CCN1CCC(c3noc4cc(F)ccc34)CC1)CCCC2O
996,Cc1ncc(CO)c(CO)c1O
997,Cc1ncc(COP(=O)(O)O)c(CN(CCN(CC(=O)O)Cc2c(COP(=O)(O)O)cnc(C)c2O)CC(=O)O)c1O
998,Cc1ncc(C[n+]2csc(CCO)c2C)c(N)n1
999,Cc1ncc([N+](=O)[O-])n1CCO
1000,Cc1ncc2n1-c1ccc(Cl)cc1C(c1ccccc1F)=NC2
1001,Cc1nccn1CC1CCc2c(c3ccccc3n2C)C1=O
1002,Cc1nnc(C(=O)NC(C)(C)c2nc(C(=O)NCc3ccc(F)cc3)c(O)c(=O)n2C)o1
1003,Cc1nnc(NS(=O)(=O)c2ccc(N)cc2)s1
1004,Cc1nnc(SCC2=C(C(=O)O)N3C(=O)[C@@H](NC(=O)Cn4cnnn4)[C@H]3SC2)s1
1005,Cc1nnc2n1-c1ccc(Cl)cc1C(c1ccccc1)=NC2
1006,Cc1nnc2n1-c1ccc(Cl)cc1C(c1ccccc1Cl)=NC2
1007,Cc1noc(NS(=O)(=O)c2ccc(N)cc2)c1C
1008,Cc1onc(-c2c(Cl)cccc2Cl)c1C(=O)N[C@@H]1C(=O)N2[C@@H]1SC(C)(C)[C@@H]2C(=O)O
1009,Cc1onc(-c2ccccc2)c1-c1ccc(S(N)(=O)=O)cc1
1010,Cc1onc(-c2ccccc2)c1C(=O)N[C@@H]1C(=O)N2[C@@H]1SC(C)(C)[C@@H]2C(=O)O
1011,Cc1onc(-c2ccccc2Cl)c1C(=O)N[C@@H]1C(=O)N2[C@@H]1SC(C)(C)[C@@H]2C(=O)O
1012,Cc1oncc1C(=O)Nc1ccc(C(F)(F)F)cc1
1013,ClCC1CO1
1014,Cl[C@H]1[C@H](Cl)[C@@H](Cl)[C@@H](Cl)[C@H](Cl)[C@H]1Cl
1015,Clc1cc(Cl)c(OCC#CI)cc1Cl
1016,Clc1ccc(C(Cn2ccnc2)OCc2ccsc2Cl)c(Cl)c1
1017,Clc1ccc(C(Cn2ccnc2)OCc2csc3c(Cl)cccc23)c(Cl)c1
1018,Clc1ccc(C(c2ccccc2Cl)C(Cl)Cl)cc1
1019,Clc1ccc(CCC(Cn2ccnc2)Sc2c(Cl)cccc2Cl)cc1
1020,Clc1ccc(CO/N=C(/Cn2ccnc2)c2ccc(Cl)cc2Cl)c(Cl)c1
1021,Clc1ccc(COC(Cn2ccnc2)c2ccc(Cl)cc2Cl)c(Cl)c1
1022,Clc1ccc(COC(Cn2ccnc2)c2ccc(Cl)cc2Cl)cc1
1023,Clc1ccc(CSC(Cn2ccnc2)c2ccc(Cl)cc2Cl)cc1
1024,Clc1ccc(Nc2nnc(Cc3ccncc3)c3ccccc23)cc1
1025,Clc1ccc2c(c1)C(N1CCNCC1)=Nc1ccccc1O2
1026,Clc1ccc2c(c1)C(c1ccccc1)=NCc1nncn1-2
1027,Clc1ccc2c(c1)CCc1cccnc1C2=C1CCNCC1
1028,Clc1ccc2nsnc2c1NC1=NCCN1
1029,Clc1cccc(Cl)c1NC1=NCCN1
1030,Clc1ccccc1C(c1ccccc1)(c1ccccc1)n1ccnc1
1031,Clc1ccccc1CN1CCc2sccc2C1
1032,Cn1c(=O)c2[nH]cnc2n(C)c1=O
1033,Cn1c(=O)c2c(ncn2C)n(C)c1=O
1034,Cn1c(=O)c2c(ncn2CC(O)CO)n(C)c1=O
1035,Cn1c(=O)n(-c2ccc(C(C)(C)C#N)cc2)c2c3cc(-c4cnc5ccccc5c4)ccc3ncc21
1036,Cn1cc[nH]c1=S
1037,Cn1cnc([N+](=O)[O-])c1C[N+](C)(C)C/C=C/C(=O)Nc1cc2c(Nc3ccc(Cl)c(Br)c3)ncnc2cn1
1038,Cn1cnc([N+](=O)[O-])c1Sc1ncnc2nc[nH]c12
1039,Cn1cncc1[C@@](N)(c1ccc(Cl)cc1)c1ccc2c(c1)c(-c1cccc(Cl)c1)cc(=O)n2C
1040,Cn1nnc2c(C(N)=O)ncn2c1=O
1041,Cn1nnnc1SCC1=C(C(=O)O)N2C(=O)[C@@H](NC(=O)[C@H](O)c3ccccc3)[C@H]2SC1
1042,FC(F)(F)C(Cl)Br
1043,FC(F)(F)C(F)(F)C(F)(F)C(F)(F)C(F)(F)C(F)(F)C(F)(F)C(F)(F)Br
1044,FC(F)(F)C(F)(F)C(F)(F)C(F)(F)C(F)(F)C(F)(F)F
1045,FC(F)(F)C(F)(F)C(F)(F)F
1046,FC(F)=C(F)F
1047,FC(F)OC(Cl)C(F)(F)F
1048,FC(F)OC(F)(F)C(F)Cl
1049,FC(F)OC(F)C(F)(F)F
1050,FCOC(C(F)(F)F)C(F)(F)F
1051,Fc1ccc([C@@H]2CCNC[C@H]2COc2ccc3c(c2)OCO3)cc1
1052,Fc1ccccc1C1=NCC(=S)N(CC(F)(F)F)c2ccc(Cl)cc21
1053,II
1054,N#CC(CCN1CCC(C(=O)O)(c2ccccc2)CC1)(c1ccccc1)c1ccccc1
1055,N#C[C@@H]1C[C@@H]2C[C@@H]2N1C(=O)[C@@H](N)C12CC3CC(CC(O)(C3)C1)C2
1056,N#Cc1cc(NC(=O)C(=O)O)c(Cl)c(NC(=O)C(=O)O)c1
1057,N#Cc1ccc(C(c2ccc(C#N)cc2)n2cncn2)cc1
1058,N#Cc1ccc2[nH]cc(CCCCN3CCN(c4ccc5oc(C(N)=O)cc5c4)CC3)c2c1
1059,N#[C][Fe-2]([C]#N)([C]#N)([C]#N)([C]#N)[N]=O
1060,N=C(N)N
1061,N=C(N)NC(=O)c1nc(Cl)c(N)nc1N
1062,N=C(N)NCCC[C@@H](NC(=O)[C@@H]1CCCN1C(=O)[C@@H]1CSSCCC(=O)N[C@@H](Cc2ccc(O)cc2)C(=O)N[C@@H](Cc2ccccc2)C(=O)N[C@@H](CCC(N)=O)C(=O)N[C@@H](CC(N)=O)C(=O)N1)C(=O)NCC(N)=O
1063,N=C(NCCCCCCNC(=N)NC(=N)Nc1ccc(Cl)cc1)NC(=N)Nc1ccc(Cl)cc1
1064,NC(=O)C(c1ccccc1)(c1ccccc1)[C@@H]1CCN(CCc2ccc3c(c2)CCO3)C1
1065,NC(=O)CCC1NC(=O)C(Cc2ccccc2)NC(=O)C(Cc2ccc(O)cc2)NC(=O)C(N)CSSCC(C(=O)N2CCCC2C(=O)NC(CCCN=C(N)N)C(=O)NCC(N)=O)NC(=O)C(CC(N)=O)NC1=O
1066,NC(=O)CC[C@H](N)C(=O)O
1067,NC(=O)CS(=O)C(c1ccccc1)c1ccccc1
1068,NC(=O)C[S@@](=O)C(c1ccccc1)c1ccccc1
1069,NC(=O)Cc1cccc(C(=O)c2ccccc2)c1N
1070,NC(=O)N/N=C/c1ccc([N+](=O)[O-])o1
1071,NC(=O)N1c2ccccc2C=Cc2ccccc21
1072,NC(=O)N1c2ccccc2CC(=O)c2ccccc21
1073,NC(=O)NC(=O)Cc1ccccc1
1074,NC(=O)NO
1075,NC(=O)OCC(COC(N)=O)c1ccccc1
1076,NC(=O)OCC(O)COc1ccc(Cl)cc1
1077,NC(=O)[C@@H]1CCCN1C(=O)[C@H](Cc1cnc[nH]1)NC(=O)[C@@H]1CCC(=O)N1
1078,NC(=O)c1cccnc1
1079,NC(=O)c1cn(Cc2c(F)cccc2F)nn1
1080,NC(=O)c1cnccn1
1081,NC(=O)c1ncn([C@@H]2O[C@H](CO)[C@@H](O)[C@H]2O)n1
1082,NC(CO)(CO)CO
1083,NC(N)=NC(=O)Cc1c(Cl)cccc1Cl
1084,NC(N)=NCC1COC2(CCCCC2)O1
1085,NC(N)=NCCCC(NC(=O)[C@H](N)CCCN=C(N)N)C(=O)N1CCCC1C(=O)N1C[C@H](O)CC1C(=O)NCC(=O)N[C@@H](Cc1cccs1)C(=O)N[C@@H](CO)C(=O)N1Cc2ccccc2CC1C(=O)N1C(C(=O)N[C@@H](CCCN=C(N)N)C(=O)O)C[C@@H]2CCCC[C@@H]21
1086,NC(N)=NCCC[C@H](N)C(=O)O
1087,NC(N)=NCCN1CCCCCCC1
1088,NC(N)=NCc1cccc([131I])c1
1089,NC(N)=Nc1nc(CSCCC(N)=NS(N)(=O)=O)cs1
1090,NC(N)=O
1091,NC12CC3CC(CC(C3)C1)C2
1092,NC1=NC(=O)C(c2ccccc2)O1
1093,NC1=NCC2c3ccccc3Cc3ccccc3N12
1094,NCC(=O)CCC(=O)O
1095,NCC(=O)O
1096,NCC(CC(=O)O)c1ccc(Cl)cc1
1097,NCC1(CC(=O)O)CCCCC1
1098,NCCC(O)(P(=O)(O)O)P(=O)(O)O
1099,NCCCC(N)(C(=O)O)C(F)F
1100,NCCCC(O)(P(=O)(O)O)P(=O)(O)O
1101,NCCCCC(NC(=O)C1CCCN1C(=O)C1CSSCC(N)C(=O)NC(Cc2ccc(O)cc2)C(=O)NC(Cc2ccccc2)C(=O)NC(CCC(N)=O)C(=O)NC(CC(N)=O)C(=O)N1)C(=O)NCC(N)=O
1102,NCCCCCC(=O)O
1103,NCCCC[C@H](N[C@@H](CCc1ccccc1)C(=O)O)C(=O)N1CCC[C@H]1C(=O)O
1104,NCCCNCCSP(=O)(O)O
1105,NCCC[C@H](N)CC(=O)NC[C@@H]1NC(=O)[C@H](CO)NC(=O)[C@@H](N)CNC(=O)[C@H]([C@H]2CCN=C(N)N2)NC(=O)/C(=C\NC(N)=O)NC1=O
1106,NCCC[C@H](N)CC(=O)N[C@H]1CNC(=O)[C@H]([C@H]2C[C@H](O)N=C(N)N2)NC(=O)/C(=C/NC(N)=O)NC(=O)[C@H](CO)NC(=O)[C@H](CO)NC1=O
1107,NCCNCCNCCN
1108,NCCNCCNCCNCCN
1109,NCCS
1110,NCC[C@H](O)C(=O)N[C@@H]1C[C@H](N)[C@@H](O[C@H]2O[C@H](CN)[C@@H](O)[C@H](O)[C@H]2O)[C@H](O)[C@H]1O[C@H]1O[C@H](CO)[C@@H](O)[C@H](N)[C@H]1O
1111,NCCc1cc[nH]n1
1112,NCCc1ccc(O)c(O)c1
1113,NCCc1cnc[nH]1
1114,NC[C@@H]1O[C@H](O[C@H]2[C@@H](O)[C@H](O[C@@H]3[C@@H](O)[C@H](N)C[C@H](N)[C@H]3O[C@H]3O[C@H](CN)[C@@H](O)[C@H](O)[C@H]3N)O[C@@H]2CO)[C@H](N)[C@@H](O)[C@@H]1O
1115,NC[C@@H]1O[C@H](O[C@H]2[C@@H](O)[C@H](O[C@@H]3[C@@H](O)[C@H](N)C[C@H](N)[C@H]3O[C@H]3O[C@H](CO)[C@@H](O)[C@H](O)[C@H]3N)O[C@@H]2CO)[C@H](N)[C@@H](O)[C@@H]1O
1116,NC[C@H](O)c1ccc(O)c(O)c1
1117,NC[C@H]1CC[C@H](C(=O)O)CC1
1118,NC[C@H]1O[C@H](O[C@H]2[C@H](O)[C@@H](O[C@H]3O[C@H](CO)[C@@H](O)[C@H](N)[C@H]3O)[C@H](N)C[C@@H]2N)[C@H](N)C[C@@H]1O
1119,NC[C@H]1O[C@H](O[C@H]2[C@H](O)[C@@H](O[C@H]3O[C@H](CO)[C@@H](O)[C@H](N)[C@H]3O)[C@H](N)C[C@@H]2N)[C@H](O)[C@@H](O)[C@@H]1O
1120,NCc1ccc(S(N)(=O)=O)cc1
1121,NCc1ccccc1CC(=O)N[C@@H]1C(=O)N2C(C(=O)O)=C(CSc3nnnn3CC(=O)O)CS[C@H]12
1122,NNC(=O)c1ccncc1
1123,NNCCc1ccccc1
1124,NNc1nncc2ccccc12
1125,NS(=O)(=O)Cc1noc2ccccc12
1126,NS(=O)(=O)c1cc(C(=O)O)c(NCc2ccco2)cc1Cl
1127,NS(=O)(=O)c1cc(C2(O)NC(=O)c3ccccc32)ccc1Cl
1128,NS(=O)(=O)c1cc(Cl)c(Cl)c(S(N)(=O)=O)c1
1129,NS(=O)(=O)c1cc2c(cc1C(F)(F)F)NC(Cc1ccccc1)NS2(=O)=O
1130,NS(=O)(=O)c1cc2c(cc1Cl)NC(C(Cl)Cl)NS2(=O)=O
1131,NS(=O)(=O)c1cc2c(cc1Cl)NC(C1CC3C=CC1C3)NS2(=O)=O
1132,NS(=O)(=O)c1cc2c(cc1Cl)NC(CSCc1ccccc1)=NS2(=O)=O
1133,NS(=O)(=O)c1cc2c(cc1Cl)NCNS2(=O)=O
1134,N[C@@H](C(=O)N[C@@H]1C(=O)N2C(C(=O)O)=C(Cl)CC[C@H]12)c1ccccc1
1135,N[C@@H](CC(=O)N1CCn2c(nnc2C(F)(F)F)C1)Cc1cc(F)c(F)cc1F
1136,N[C@@H](CCC(=O)N[C@@H](CSSC[C@H](NC(=O)CC[C@H](N)C(=O)O)C(=O)NCC(=O)O)C(=O)NCC(=O)O)C(=O)O
1137,N[C@@H](CS)C(=O)O
1138,N[C@@H](Cc1cc(I)c(Oc2cc(I)c(O)c(I)c2)c(I)c1)C(=O)O
1139,N[C@@H](Cc1cc(I)c(Oc2ccc(O)c(I)c2)c(I)c1)C(=O)O
1140,N[C@@H](Cc1ccc(N(CCCl)CCCl)cc1)C(=O)O
1141,N[C@@H](Cc1ccc(O)c(O)c1)C(=O)O
1142,N[C@@H](Cc1ccc(O)cc1)C(=O)O
1143,N[C@@H]1CC1c1ccccc1
1144,N[C@@H]1CCCCN(c2c(F)cc3c(=O)c(C(=O)O)cn(C4CC4)c3c2Cl)C1
1145,N[C@@H]1CCCC[C@H]1N
1146,N[C@@H]1CONC1=O
1147,N[C@@H]1[C@H]2CN(c3nc4c(cc3F)c(=O)c(C(=O)O)cn4-c3ccc(F)cc3F)C[C@@H]12
1148,N[C@H](Cc1cc(I)c(Oc2cc(I)c(O)c(I)c2)c(I)c1)C(=O)O
1149,Nc1[nH]c(=O)ncc1F
1150,Nc1c(CC(=O)O)cccc1C(=O)c1ccc(Br)cc1
1151,Nc1c2c(nc3ccccc13)CCCC2
1152,Nc1cc(-c2ccncc2)c[nH]c1=O
1153,Nc1cc(Cl)c(NC2=NCCN2)c(Cl)c1
1154,Nc1cc(N2CCCCC2)nc(N)[n+]1[O-]
1155,Nc1ccc(/N=N/c2ccccc2)c(N)n1
1156,Nc1ccc(C(=O)NCC(=O)O)cc1
1157,Nc1ccc(C(=O)O)c(O)c1
1158,Nc1ccc(C(=O)Oc2ccccc2)c(O)c1
1159,Nc1ccc(O)c(C(=O)O)c1
1160,Nc1ccc(S(=O)(=O)Nc2ccccn2)cc1
1161,Nc1ccc(S(=O)(=O)Nc2ccnn2-c2ccccc2)cc1
1162,Nc1ccc(S(=O)(=O)Nc2ncccn2)cc1
1163,Nc1ccc(S(=O)(=O)c2ccc(N)cc2)cc1
1164,Nc1ccc(S(N)(=O)=O)cc1
1165,Nc1cccc2c1C(=O)N(C1CCC(=O)NC1=O)C2=O
1166,Nc1ccn(C[C@@H](CO)OCP(=O)(O)O)c(=O)n1
1167,Nc1ccn([C@@H]2CS[C@H](CO)O2)c(=O)n1
1168,Nc1ccn([C@@H]2O[C@H](CO)[C@@H](O)[C@@H]2O)c(=O)n1
1169,Nc1ccn([C@H]2CC[C@@H](CO)O2)c(=O)n1
1170,Nc1ccncc1
1171,Nc1nc(/C(=C/CC(=O)O)C(=O)N[C@@H]2C(=O)N3C(C(=O)O)=CCS[C@H]23)cs1
1172,Nc1nc(=O)c2c([nH]1)NC[C@H](CNc1ccc(C(=O)N[C@@H](CCC(=O)O)C(=O)O)cc1)N2C=O
1173,Nc1nc(=O)c2nc(CNc3ccc(C(=O)N[C@@H](CCC(=O)O)C(=O)O)cc3)cnc2[nH]1
1174,Nc1nc(=O)c2ncn(CCC(CO)CO)c2[nH]1
1175,Nc1nc(=O)c2ncn(COCCO)c2[nH]1
1176,Nc1nc(=O)n([C@@H]2CS[C@H](CO)O2)cc1F
1177,Nc1nc(Cl)nc2c1ncn2[C@H]1C[C@H](O)[C@@H](CO)O1
1178,Nc1nc(F)nc2c1ncn2[C@@H]1O[C@H](CO)[C@@H](O)[C@@H]1O
1179,Nc1nc(N)c2nc(-c3ccccc3)c(N)nc2n1
1180,Nc1nc(N)c2nc(CNc3ccc(C(=O)N[C@@H](CCCNC(=O)c4ccccc4C(=O)O)C(=O)O)cc3)cnc2n1
1181,Nc1nc(NC2CC2)c2ncn([C@H]3C=C[C@@H](CO)C3)c2n1
1182,Nc1nc2c(ncn2COC(CO)CO)c(=O)[nH]1
1183,Nc1nc2ccc(OC(F)(F)F)cc2s1
1184,Nc1ncn([C@@H]2O[C@H](CO)[C@@H](O)[C@H]2O)c(=O)n1
1185,Nc1ncnc2c1ncn2CCOC[P@@]1(=O)OCC[C@@H](c2cccc(Cl)c2)O1
1186,Nc1ncnc2c1ncn2[C@@H]1O[C@H](CO)[C@@H](O)[C@@H]1O
1187,Nc1ncnc2c1ncn2[C@@H]1O[C@H](CO)[C@@H](O)[C@H]1O
1188,Nc1nnc(-c2cccc(Cl)c2Cl)c(N)n1
1189,O1[As]2O[As]1O2
1190,O=C(/C=C/c1cccc(S(=O)(=O)Nc2ccccc2)c1)NO
1191,O=C(C1CCCCC1)N1CC(=O)N2CCc3ccccc3C2C1
1192,O=C(CCBr)N1CCN(C(=O)CCBr)CC1
1193,O=C(CCCCC(=O)Nc1c(I)cc(I)c(C(=O)O)c1I)Nc1c(I)cc(I)c(C(=O)O)c1I
1194,O=C(CCCCCCC(=O)Nc1ccccc1)NO
1195,O=C(CCCN1CC=C(n2c(=O)[nH]c3ccccc32)CC1)c1ccc(F)cc1
1196,O=C(CCCN1CCC(O)(c2ccc(Cl)cc2)CC1)c1ccc(F)cc1
1197,O=C(CCOCCOCCOCCOCCC(=O)Nc1c(I)cc(I)c(C(=O)O)c1I)Nc1c(I)cc(I)c(C(=O)O)c1I
1198,O=C(CCS)N1CCc2c([nH]c3ccccc23)C1
1199,O=C(NCC(O)CO)c1c(I)c(C(=O)NCC(O)CO)c(I)c(N(CCO)C(=O)CO)c1I
1200,O=C(NCC1CCCCN1)c1cc(OCC(F)(F)F)ccc1OCC(F)(F)F
1201,O=C(NC[C@H]1CN(c2ccc(N3CCOCC3=O)cc2)C(=O)O1)c1ccc(Cl)s1
1202,O=C(NS(=O)(=O)c1ccc(Br)s1)c1ccc(Cl)cc1Cl
1203,O=C(N[C@H](CO)[C@H](O)c1ccc([N+](=O)[O-])cc1)C(Cl)Cl
1204,O=C(Nc1c(Cl)cncc1Cl)c1ccc(OC(F)F)c(OCC2CC2)c1
1205,O=C(Nc1ccc([N+](=O)[O-])cc1Cl)c1cc(Cl)ccc1O
1206,O=C(Nc1cnccc1Cl)N1CCN(Cc2ccc3c(c2)OC(F)(F)O3)CC1
1207,O=C(O)/C=C/C(=O)O
1208,O=C(O)C(O)C(O)C(=O)O
1209,O=C(O)C(S)C(S)C(=O)O
1210,O=C(O)C1(C(=O)O)CCC1
1211,O=C(O)C1=C(CSc2nnnn2CS(=O)(=O)O)CS[C@@H]2[C@H](NC(=O)[C@H](O)c3ccccc3)C(=O)N12
1212,O=C(O)C1N=C(c2ccccc2)c2cc(Cl)ccc2NC1=O
1213,O=C(O)CC(O)(CC(=O)O)C(=O)O
1214,O=C(O)CCC(=O)O
1215,O=C(O)CCC(=O)OC[C@@H](NC(=O)C(Cl)Cl)[C@H](O)c1ccc([N+](=O)[O-])cc1
1216,O=C(O)CCCCCCCC(=O)O
1217,O=C(O)CCCC[C@@H]1SC[C@@H]2NC(=O)N[C@@H]21
1218,O=C(O)CCCN1CCC(O[C@@H](c2ccc(Cl)cc2)c2ccccn2)CC1
1219,O=C(O)CCCO
1220,O=C(O)CCCc1ccc(N(CCCl)CCCl)cc1
1221,O=C(O)CCCc1ccccc1
1222,O=C(O)CCNC(=O)c1ccc(N/N=C2/C=CC(=O)C(C(=O)O)=C2)cc1
1223,O=C(O)CCc1nc(-c2ccccc2)c(-c2ccccc2)o1
1224,O=C(O)CN(CCN(CC(=O)O)CC(=O)O)CC(=O)O
1225,O=C(O)CN(CCN(CC(=O)O)CC(=O)O)CCN(CC(=O)O)C(COCc1ccccc1)C(=O)O
1226,O=C(O)CN(CCN(CC(=O)O)CC(=O)O)CCN(CC(=O)O)CC(=O)O
1227,O=C(O)CN1CCN(CC(=O)O)CCN(C(CO)C(O)CO)CCN(CC(=O)O)CC1
1228,O=C(O)CNC(=O)c1ccccc1
1229,O=C(O)COCCN1CCN(C(c2ccccc2)c2ccc(Cl)cc2)CC1
1230,O=C(O)COCCN1CCN([C@H](c2ccccc2)c2ccc(Cl)cc2)CC1
1231,O=C(O)C[C@H](O)C[C@H](O)/C=C/c1c(C2CC2)nc2ccccc2c1-c1ccc(F)cc1
1232,O=C(O)Cc1ccccc1
1233,O=C(O)Cc1ccccc1Nc1c(Cl)cccc1Cl
1234,O=C(O)O
1235,O=C(O)P(=O)(O)O
1236,O=C(O)[C@@H](O)[C@@H](O)[C@H](O)[C@@H](O)C(=O)O
1237,O=C(O)[C@H](O)[C@@H](O)[C@H](O)[C@H](O)CO
1238,O=C(O)[C@H]1/C(=C/CO)O[C@@H]2CC(=O)N21
1239,O=C(O)c1cc(-c2ccc(F)cc2F)ccc1O
1240,O=C(O)c1cc(/N=N/c2ccc(O)c(C(=O)O)c2)ccc1O
1241,O=C(O)c1cc(/N=N/c2ccc(S(=O)(=O)Nc3ccccn3)cc2)ccc1O
1242,O=C(O)c1cc(=O)c2c(OCC(O)COc3cccc4oc(C(=O)O)cc(=O)c34)cccc2o1
1243,O=C(O)c1cc2ccccc2c(Cc2c(O)c(C(=O)O)cc3ccccc23)c1O
1244,O=C(O)c1ccc(-n2nc(-c3ccccc3O)nc2-c2ccccc2O)cc1
1245,O=C(O)c1ccc(NC(=O)C(Cc2ccc(O)cc2)NC(=O)c2ccccc2)cc1
1246,O=C(O)c1ccccc1
1247,O=C(O)c1cccnc1
1248,O=C(O)c1cn(C2CC2)c2cc(N3CCNCC3)c(F)cc2c1=O
1249,O=C(OC1CC2CC3C[C@H](C1)N2CC3=O)c1c[nH]c2ccccc12
1250,O=C(OC1CC2CCC(C1)[N+]21CCCC1)C(O)(c1ccccc1)c1ccccc1
1251,O=C(OC[C@H]1O[C@@H](OC(=O)c2cc(O)c(O)c(OC(=O)c3cc(O)c(O)c(O)c3)c2)[C@H](OC(=O)c2cc(O)c(O)c(OC(=O)c3cc(O)c(O)c(O)c3)c2)[C@@H](OC(=O)c2cc(O)c(O)c(OC(=O)c3cc(O)c(O)c(O)c3)c2)[C@@H]1OC(=O)c1cc(O)c(O)c(OC(=O)c2cc(O)c(O)c(O)c2)c1)c1cc(O)c(O)c(OC(=O)c2cc(O)c(O)c(O)c2)c1
1252,O=C(OCc1ccccc1)c1ccccc1
1253,O=C(OOC(=O)c1ccccc1)c1ccccc1
1254,O=C(O[C@H]1CN2CCC1CC2)N1CCc2ccccc2[C@@H]1c1ccccc1
1255,O=C(c1ccc(F)c(F)c1Nc1ccc(I)cc1F)N1CC(O)([C@@H]2CCCCN2)C1
1256,O=C(c1ccc(OCCN2CCCCC2)cc1)c1c(-c2ccc(O)cc2)sc2cc(O)ccc12
1257,O=C(c1ccc2nonc2c1)N1CCCCC1
1258,O=C(c1ccccc1)c1ccc2n1CCC2C(=O)O
1259,O=C1C(O)=C([C@H]2CC[C@H](c3ccc(Cl)cc3)CC2)C(=O)c2ccccc21
1260,O=C1CC2(CCCC2)CC(=O)N1CCCCN1CCN(c2ncccn2)CC1
1261,O=C1CCCC(=O)C1C(=O)c1ccc(C(F)(F)F)cc1[N+](=O)[O-]
1262,O=C1CCO1
1263,O=C1CC[C@@]2(O)[C@H]3Cc4ccc(O)c5c4[C@@]2(CCN3CC2CC2)[C@H]1O5
1264,O=C1CCc2cc(OCCCCc3nnnn3C3CCCCC3)ccc2N1
1265,O=C1CN(/N=C/c2ccc(-c3ccc([N+](=O)[O-])cc3)o2)C(=O)N1
1266,O=C1CN(/N=C/c2ccc([N+](=O)[O-])o2)C(=O)N1
1267,O=C1CN2Cc3c(ccc(Cl)c3Cl)N=C2N1
1268,O=C1CN=C(c2ccccc2)c2cc(Cl)ccc2N1CC(F)(F)F
1269,O=C1CN=C(c2ccccc2)c2cc(Cl)ccc2N1CC1CC1
1270,O=C1CN=C(c2ccccc2Cl)c2cc([N+](=O)[O-])ccc2N1
1271,O=C1Cc2cc(CCN3CCN(c4nsc5ccccc45)CC3)c(Cl)cc2N1
1272,O=C1N(Cc2ccccc2)C2C[S+]3CCCC3C2N1Cc1ccccc1
1273,O=C1NC(=O)C(c2ccccc2)(c2ccccc2)N1
1274,O=C1NC(c2ccccc2)(c2ccccc2)C(=O)N1COP(=O)(O)O
1275,O=C1Nc2ccc(Cl)cc2C(c2ccccc2)=NC1O
1276,O=C1Nc2ccc(Cl)cc2C(c2ccccc2Cl)=NC1O
1277,O=C1Nc2ccc(Cl)cc2[C@@](C#CC2CC2)(C(F)(F)F)O1
1278,O=C1OC2(c3cc([131I])c(O)c([131I])c3Oc3c2cc([131I])c(O)c3[131I])c2c(Cl)c(Cl)c(Cl)c(Cl)c21
1279,O=C1OC2(c3ccc(O)cc3Oc3cc(O)ccc32)c2ccccc21
1280,O=C1OCCN1/N=C/c1ccc([N+](=O)[O-])o1
1281,O=C1O[C@H](CO)[C@@H](O)[C@H](O)[C@H]1O
1282,O=C1O[C@H]([C@@H](O)CO)C(O)=C1O
1283,O=C1[C@@H]2[C@H]3CC[C@H](C3)[C@@H]2C(=O)N1C[C@@H]1CCCC[C@H]1CN1CCN(c2nsc3ccccc23)CC1
1284,O=C1[C@H](CC[C@H](O)c2ccc(F)cc2)[C@@H](c2ccc(O)cc2)N1c1ccc(F)cc1
1285,O=C1[O][Bi]([OH])[O]c2ccccc21
1286,O=C1[O][Pt][O]C(=O)C12CCC2
1287,O=C1c2cccc3c2[C@H](CCC3)CN1[C@@H]1CN2CCC1CC2
1288,O=C1c2ccccc2C(=O)C1c1ccccc1
1289,O=C[C@H](O)[C@@H](O)[C@H](O)CO
1290,O=NN(CCCl)C(=O)NC1CCCCC1
1291,O=NO
1292,O=P(O)(O)C(O)(Cc1cccnc1)P(=O)(O)O
1293,O=P(O)(O)C(O)(Cn1ccnc1)P(=O)(O)O
1294,O=P(O)(O)C(Sc1ccc(Cl)cc1)P(=O)(O)O
1295,O=P(O)(O)F
1296,O=P(O)(O)OCC(Cl)(Cl)Cl
1297,O=P1(N(CCCl)CCCl)NCCCO1
1298,O=P1(NCCCl)OCCCN1CCCl
1299,O=S(=O)(O)CCS
1300,O=S(=O)(O)O
1301,O=S(=O)(O)O[C@@H]1[C@@H](OS(=O)(=O)O)[C@H](O[C@@H]2CO[C@@H](O)[C@H](OS(=O)(=O)O)[C@H]2OS(=O)(=O)O)OC[C@H]1O
1302,O=S(=O)(OC[C@H]1O[C@@H](O[C@]2(COS(=O)(=O)[O][Al]([OH])[OH])O[C@H](OS(=O)(=O)[O][Al]([OH])[OH])[C@@H](OS(=O)(=O)[O][Al]([OH])[OH])[C@@H]2OS(=O)(=O)[O][Al]([OH])[OH])[C@H](OS(=O)(=O)[O][Al]([OH])[OH])[C@@H](OS(=O)(=O)[O][Al]([OH])[OH])[C@@H]1OS(=O)(=O)[O][Al]([OH])[OH])[O][Al]([OH])[OH]
1303,O=S(O)(O)=S
1304,O=S(O)CNc1ccc(S(=O)(=O)c2ccc(NCS(=O)O)cc2)cc1
1305,O=[32P](O)(O)O
1306,O=[N+]([O-])O
1307,O=[N+]([O-])OCC(CO[N+](=O)[O-])O[N+](=O)[O-]
1308,O=[N+]([O-])O[C@@H]1CO[C@H]2[C@@H]1OC[C@@H]2O
1309,O=[N+]([O-])O[C@H]1CO[C@H]2[C@@H]1OC[C@H]2O[N+](=O)[O-]
1310,O=[Si](O)O
1311,O=c1[nH]c(=O)n([C@H]2C[C@H](O)[C@@H](CO)O2)cc1C(F)(F)F
1312,O=c1[nH]c(=O)n([C@H]2C[C@H](O)[C@@H](CO)O2)cc1F
1313,O=c1[nH]c(=O)n([C@H]2C[C@H](O)[C@@H](CO)O2)cc1I
1314,O=c1[nH]c2cc(Cl)ccc2o1
1315,O=c1[nH]c2ccccc2n1C1CCN(CCCC(c2ccc(F)cc2)c2ccc(F)cc2)CC1
1316,O=c1[nH]cc(N(CCCl)CCCl)c(=O)[nH]1
1317,O=c1[nH]cnc2c1ncn2[C@H]1CC[C@@H](CO)O1
1318,O=c1n(CCCN2CCN(c3cccc(Cl)c3)CC2)nc2ccccn12
1319,O=c1oc2ccccc2c(O)c1Cc1c(O)c2ccccc2oc1=O
1320,OC(CCCN1CCCCC1)(c1ccccc1)c1ccccc1
1321,OC(CCN1CCCC1)(c1ccccc1)C1CCCCC1
1322,OC(CCN1CCCCC1)(c1ccccc1)C1CC2C=CC1C2
1323,OC(CCN1CCCCC1)(c1ccccc1)C1CCCC1
1324,OC(CCN1CCCCC1)(c1ccccc1)C1CCCCC1
1325,OC(CNCC(O)C1CCc2cc(F)ccc2O1)C1CCc2cc(F)ccc2O1
1326,OC(Cn1cncn1)(Cn1cncn1)c1ccc(F)cc1F
1327,OC(c1cc(C(F)(F)F)nc2c(C(F)(F)F)cccc12)C1CCCCN1
1328,OC1(c2ccc(Cl)cc2)c2ccccc2C2=NCCN21
1329,OCC(O)CO
1330,OCC(S)CS
1331,OCCN1CCN(CCCN2c3ccccc3Sc3ccc(C(F)(F)F)cc32)CC1
1332,OCCN1CCN(CCCN2c3ccccc3Sc3ccc(Cl)cc32)CC1
1333,OCCN1C[C@H](O)[C@@H](O)[C@H](O)[C@H]1CO
1334,OCCOCCN1CCN(C(c2ccccc2)c2ccc(Cl)cc2)CC1
1335,OCCOCCN1CCN(C2=Nc3ccccc3Sc3ccccc32)CC1
1336,OC[C@@H](O)[C@@H](O)[C@H](O)[C@@H](O)CO
1337,OC[C@@H](O)[C@@H](O)[C@H](O)[C@H](O)CO
1338,OC[C@H]1O[C@@H](O[C@@H]2[C@@H](CO)O[C@](O)(CO)[C@H]2O)[C@H](O)[C@@H](O)[C@H]1O
1339,OC[C@H]1O[C@@H](n2cnc3c2NC=NC[C@H]3O)C[C@@H]1O
1340,OC[C@H]1O[C@@](CO)(O[C@H]2O[C@H](CO)[C@@H](O)[C@H](O)[C@H]2O)[C@@H](O)[C@@H]1O
1341,OC[C@H]1O[C@H](O)[C@H](F)[C@@H](O)[C@@H]1O
1342,OCc1cc(C(O)CNCCCCCCOCCCCc2ccccc2)ccc1O
1343,O[C@@H]1CO[C@H]2[C@@H]1OC[C@@H]2O
1344,Oc1c(Cl)cc(Cl)c(Cl)c1Cc1c(O)c(Cl)cc(Cl)c1Cl
1345,Oc1c(Cl)cc(Cl)c2cccnc12
1346,Oc1c(I)cc(Cl)c2cccnc12
1347,Oc1cc(Cl)ccc1Oc1ccc(Cl)cc1Cl
1348,Oc1ccc(C2CNCCc3c2cc(O)c(O)c3Cl)cc1
1349,Oc1ccc(CCCCNC[C@H](O)c2ccc(O)c(O)c2)cc1
1350,Oc1ccc(O)cc1
1351,Oc1ccc(OCc2ccccc2)cc1
1352,Oc1ccc2c3c1O[C@H]1[C@@H](O)CC[C@@]4(O)[C@@H](C2)N(CC2CCC2)CC[C@]314
1353,Oc1cccc2cccnc12
1354,Oc1ncnc2[nH]ncc12
1355,On1ccccc1=S
1356,S=P(N1CC1)(N1CC1)N1CC1
1357,S=[Se]=S
1358,[Cl][201Tl]
1359,[Cl][Cr]([Cl])[Cl]
1360,[Cl][Cu][Cl]
1361,[Cl][Mn][Cl]
1362,[Cl][Zn][Cl]
1363,[H]/N=C(\N)C1=CC(=O)/C(=C\C=c2ccc(=C(N)N)cc2)C=C1
1364,[H]/N=C(\N)c1ccc(OCCCCCOc2ccc(/C(N)=N/[H])cc2)cc1
1365,[N]=O
1366,[O-][Cl+3]([O-])([O-])O
1367,[O]=[99Tc](=[O])(=[O])[OH]
1368,[O]=[Al][O][Al]=[O]
1369,[O]=[Ti]=[O]
1370,[O]=[Zn]
1371,[Se]
1372,c1cc(CN2CCCNCCNCCCNCC2)ccc1CN1CCCNCCNCCCNCC1
1373,c1ccc(CC2=NCCN2)cc1
1374,c1ccc(CN(CC2=NCCN2)c2ccccc2)cc1
1375,c1ccc([C@H]2CN3CCSC3=N2)cc1
1376,c1ccc2c(CC3=NCCN3)cccc2c1
1377,c1ccc2c(c1)CCCC2C1=NCCN1
1378,c1cnc2cc3c(cc2n1)[C@@H]1CNC[C@H]3C1
